Name,FAMACHA,Mean_R,Mean_G,Mean_B,Median_R,Median_G,Median_B,Std_R,Std_G,Std_B
180_640x6402023-09-13&20_2.jpg,0,142.16,121.34,133.25,142.0,116.0,128.0,22.24,35.32,39.21
180_640x6402023-09-13&997_1.jpg,0,216.57,160.93,155.12,226.0,166.0,160.0,31.88,53.04,58.87
180_640x640img100_3.jpg,1,178.0,123.78,131.87,181.0,120.0,129.0,29.49,28.83,30.49
180_640x640img101_3.jpg,1,194.64,143.66,164.73,198.0,141.0,163.0,29.51,33.27,33.16
180_640x640img102_4.jpg,1,182.04,153.83,172.67,195.0,158.0,178.0,44.53,41.55,46.17
180_640x640img103_3.jpg,1,158.42,108.72,105.6,164.0,108.0,104.0,27.56,20.68,20.15
180_640x640img104_3.jpg,1,178.02,104.07,117.12,186.0,98.0,112.0,38.28,33.41,35.78
180_640x640img105_3.jpg,1,166.31,91.87,90.22,171.0,91.0,91.0,30.24,28.76,29.39
180_640x640img106_3.jpg,1,182.14,139.67,152.4,188.0,140.0,152.0,39.8,33.09,36.74
180_640x640img107_3.jpg,1,236.11,197.14,213.98,246.0,199.0,222.0,28.65,40.43,37.97
180_640x640img108_2.jpg,0,217.53,167.2,184.56,224.0,168.0,187.0,32.78,38.91,37.82
180_640x640img109_2.jpg,0,168.47,113.15,121.4,174.0,107.0,116.0,44.4,37.34,39.41
180_640x640img10_2.jpg,0,198.65,127.16,114.79,205.0,118.0,104.0,30.45,40.01,41.78
180_640x640img110_3.jpg,1,235.06,188.29,187.94,243.0,189.0,190.0,24.2,37.38,38.11
180_640x640img111_2.jpg,0,159.54,112.13,112.81,169.0,111.0,112.0,32.45,31.49,33.48
180_640x640img112_2.jpg,0,189.76,128.24,133.11,192.0,123.0,128.0,39.7,34.8,35.58
180_640x640img113_4.jpg,1,213.96,169.84,170.66,225.0,175.0,176.0,40.33,34.19,34.68
180_640x640img114_3.jpg,1,214.04,150.34,148.07,226.0,154.0,152.0,38.28,33.81,34.18
180_640x640img115_3.jpg,1,162.11,84.49,95.33,169.0,83.0,95.0,33.87,29.33,30.2
180_640x640img116_3.jpg,1,208.11,131.77,138.16,215.0,129.0,136.0,35.54,29.68,32.24
180_640x640img117_3.jpg,1,188.29,120.98,136.59,195.0,120.0,138.0,40.49,41.64,45.68
180_640x640img118_3.jpg,1,198.43,125.46,133.75,207.0,123.0,131.0,34.76,33.99,37.3
180_640x640img119_3.jpg,1,199.1,132.99,144.93,215.0,135.0,147.0,54.78,44.79,48.8
180_640x640img120_3.jpg,1,209.78,140.62,144.32,223.0,140.0,144.0,45.16,39.65,42.66
180_640x640img121_2.jpg,0,174.68,85.6,87.62,182.0,85.0,88.0,36.34,32.24,32.6
180_640x640img122_2.jpg,0,176.97,85.38,85.58,189.0,84.0,85.0,42.98,38.07,39.38
180_640x640img123_2.jpg,0,190.36,99.86,100.24,202.0,99.0,100.0,41.98,24.54,24.6
180_640x640img124_3.jpg,1,235.47,154.26,163.39,246.0,154.0,163.0,31.83,33.61,35.89
180_640x640img125_3.jpg,1,207.82,136.92,140.98,213.0,129.0,133.0,34.57,41.09,44.18
180_640x640img127_2.jpg,0,241.29,202.21,210.02,248.0,206.0,214.0,22.42,34.34,32.02
180_640x640img128_2.jpg,0,161.93,96.61,106.37,165.0,96.0,107.0,29.66,30.57,30.3
180_640x640img12_2.jpg,0,196.7,130.67,126.25,208.0,131.0,126.0,42.92,39.63,42.12
180_640x640img131_2.jpg,0,198.16,164.52,173.22,224.0,191.0,202.0,63.06,73.69,72.64
180_640x640img134_1.jpg,0,161.36,91.01,100.75,167.0,81.0,94.0,36.22,40.69,38.39
180_640x640img138_4.jpg,1,231.28,191.06,188.8,244.0,191.0,189.0,38.47,43.67,42.33
180_640x640img139_3.jpg,1,183.22,143.45,143.68,191.0,142.0,143.0,38.02,41.92,40.56
180_640x640img142_2.jpg,0,201.4,143.06,140.13,208.0,141.0,138.0,36.36,45.5,41.96
180_640x640img143_4.jpg,1,213.13,156.3,158.69,221.0,157.0,159.0,31.21,35.87,37.02
180_640x640img146_2.jpg,0,224.44,157.84,159.97,232.0,157.0,160.0,32.83,40.22,39.21
180_640x640img14_4.jpg,1,200.14,159.99,149.91,206.0,163.0,153.0,28.11,32.88,33.34
180_640x640img150_2.jpg,0,201.67,124.39,124.24,208.0,124.0,126.0,32.08,49.62,46.41
180_640x640img152_3.jpg,1,230.85,170.25,170.44,240.0,174.0,173.0,31.78,33.28,31.64
180_640x640img153_3.jpg,1,201.45,144.82,145.83,212.0,161.0,159.0,41.51,56.69,56.01
180_640x640img155_3.jpg,1,222.48,154.55,155.31,233.0,162.0,163.0,34.25,44.79,43.53
180_640x640img156_3.jpg,1,199.76,141.18,141.06,209.0,142.0,142.0,34.78,38.37,39.72
180_640x640img157_3.jpg,1,172.93,99.64,100.49,180.0,105.0,108.0,35.22,39.17,38.84
180_640x640img15_4.jpg,1,208.61,186.03,175.77,221.0,196.0,185.0,40.12,44.97,48.33
180_640x640img160_4.jpg,1,192.64,161.16,164.99,198.0,168.0,169.0,32.11,45.76,45.93
180_640x640img161_4.jpg,1,229.3,187.57,178.52,236.0,194.0,184.0,23.14,28.65,29.12
180_640x640img163_4.jpg,1,196.25,159.28,155.02,206.0,165.0,160.0,31.92,31.3,29.03
180_640x640img165_3.jpg,1,230.39,187.4,197.42,240.0,192.0,203.0,31.02,23.77,25.61
180_640x640img166_3.jpg,1,183.07,141.73,135.86,194.0,142.0,137.0,32.34,35.78,35.29
180_640x640img167_4.jpg,1,214.85,182.38,185.09,224.0,185.0,189.0,36.51,28.27,28.39
180_640x640img170_2.jpg,0,190.79,137.94,145.93,207.0,147.0,157.0,44.78,49.86,48.75
180_640x640img171_3.jpg,1,184.66,128.56,126.85,188.0,122.0,121.0,36.22,43.37,43.65
180_640x640img172_4.jpg,1,203.86,159.04,158.17,215.0,168.0,167.0,40.87,42.85,41.95
180_640x640img173_4.jpg,1,216.79,174.49,173.87,230.0,179.0,178.0,40.19,55.66,54.94
180_640x640img177_3.jpg,1,208.12,143.16,147.85,221.0,145.0,152.0,41.93,53.0,53.05
180_640x640img179_3.jpg,1,206.48,160.34,157.38,213.0,165.0,163.0,34.22,34.92,38.21
180_640x640img17_4.jpg,1,214.13,146.14,139.49,228.0,152.0,145.0,38.39,39.58,42.74
180_640x640img181_2.jpg,0,222.23,145.73,138.8,228.0,140.0,132.0,27.63,40.08,42.86
180_640x640img182_2.jpg,0,135.06,65.36,65.5,135.0,63.0,63.0,24.71,18.86,19.64
180_640x640img184_2.jpg,0,212.89,127.36,117.86,222.0,124.0,114.0,33.1,46.96,50.01
180_640x640img186_2.jpg,0,172.03,126.24,125.22,202.0,129.0,126.0,66.95,60.3,61.85
180_640x640img187_4.jpg,1,218.4,170.31,163.89,223.0,178.0,173.0,29.7,37.22,42.23
180_640x640img189_3.jpg,1,224.52,168.79,172.53,243.0,179.0,184.0,47.53,53.03,54.18
180_640x640img196_2.jpg,0,177.94,135.43,132.33,184.0,140.0,136.0,23.41,33.58,38.72
180_640x640img197_3.jpg,1,195.63,132.38,125.88,213.0,139.0,133.0,48.22,42.2,42.44
180_640x640img202_3.jpg,1,170.84,107.21,114.05,178.0,100.0,107.0,43.53,40.13,42.53
180_640x640img203_3.jpg,1,187.73,127.86,122.62,202.0,133.0,126.0,51.06,45.45,47.76
180_640x640img204_3.jpg,1,217.45,179.43,177.26,230.0,197.0,195.0,34.0,49.04,49.48
180_640x640img205_3.jpg,1,199.14,151.48,147.52,206.0,148.0,146.0,34.44,55.89,59.19
180_640x640img208_4.jpg,1,222.96,167.79,161.35,244.0,179.0,172.0,45.77,44.98,46.04
180_640x640img210_2.jpg,0,159.4,105.53,111.82,162.0,99.0,103.0,26.22,33.97,38.16
180_640x640img212_3.jpg,1,216.8,160.44,149.49,240.0,169.0,158.0,45.43,53.79,55.8
180_640x640img216_3.jpg,1,228.17,174.56,174.94,235.0,184.0,183.0,26.09,38.66,39.45
180_640x640img217_3.jpg,1,162.95,120.15,114.89,165.0,113.0,108.0,31.96,42.76,48.29
180_640x640img218_3.jpg,1,219.02,162.38,153.96,226.0,169.0,162.0,27.76,32.84,38.43
180_640x640img21_4.jpg,1,180.15,154.19,154.47,193.0,157.0,158.0,35.16,39.89,41.8
180_640x640img221_2.jpg,0,189.16,146.73,170.95,192.0,145.0,173.0,30.17,38.89,39.57
180_640x640img222_1.jpg,0,135.9,80.51,99.11,132.0,77.0,98.0,47.73,46.2,50.53
180_640x640img223_2.jpg,0,170.17,130.93,160.16,179.0,131.0,163.0,29.23,37.17,37.25
180_640x640img224_2.jpg,0,205.66,139.34,163.45,212.0,139.0,167.0,30.46,31.97,32.46
180_640x640img226_1.jpg,0,150.14,100.42,120.36,147.0,98.0,121.0,41.81,46.18,48.36
180_640x640img227_4.jpg,1,196.8,170.12,192.3,201.0,182.0,208.0,38.55,48.84,47.95
180_640x640img228_2.jpg,0,191.91,139.56,167.62,195.0,143.0,174.0,32.19,43.13,39.86
180_640x640img229_2.jpg,0,136.55,88.72,110.84,141.0,89.0,115.0,52.49,52.96,58.3
180_640x640img22_3.jpg,1,176.9,137.31,133.63,198.0,143.0,138.0,55.82,52.22,52.74
180_640x640img230_2.jpg,0,212.91,155.58,158.22,219.0,149.0,153.0,29.46,46.26,47.27
180_640x640img234_1.jpg,0,140.46,84.38,97.75,142.0,82.0,97.0,25.75,28.36,27.34
180_640x640img236_1.jpg,0,151.17,113.8,141.6,151.0,109.0,139.0,35.62,44.69,46.94
180_640x640img238_3.jpg,1,195.72,143.75,156.23,203.0,147.0,163.0,46.17,69.92,68.16
180_640x640img239_3.jpg,1,128.85,95.99,119.93,130.0,93.0,120.0,45.47,45.52,48.4
180_640x640img23_2.jpg,0,168.12,98.74,92.34,186.0,96.0,88.0,54.35,41.48,39.9
180_640x640img241_1.jpg,0,229.1,197.02,199.21,238.0,204.0,206.0,30.34,38.34,37.13
180_640x640img242_2.jpg,0,133.72,91.95,115.2,128.0,84.0,111.0,48.75,50.86,55.48
180_640x640img243_1.jpg,0,171.7,118.71,133.29,177.0,116.0,131.0,31.8,38.3,38.46
180_640x640img244_3.jpg,1,168.22,133.14,153.26,168.0,130.0,154.0,42.88,46.35,47.05
180_640x640img247_4.jpg,1,132.47,98.14,112.97,122.0,78.0,96.0,55.58,60.17,63.75
180_640x640img248_2.jpg,0,192.63,147.42,166.01,195.0,146.0,169.0,40.14,51.73,49.9
180_640x640img24_3.jpg,1,214.02,167.52,173.65,224.0,179.0,185.0,35.31,51.14,53.44
180_640x640img252_3.jpg,1,181.17,131.75,132.21,189.0,130.0,131.0,33.53,46.25,47.29
180_640x640img253_2.jpg,0,197.4,148.14,175.81,204.0,156.0,184.0,34.9,57.12,53.64
180_640x640img254_2.jpg,0,148.71,98.53,123.48,146.0,87.0,116.0,50.25,56.03,58.45
180_640x640img255_1.jpg,0,159.94,104.92,133.63,158.0,99.0,129.0,40.94,39.64,41.62
180_640x640img256_2.jpg,0,208.21,169.27,195.49,214.0,172.0,199.0,26.59,38.6,36.69
180_640x640img257_3.jpg,1,169.96,124.32,142.8,178.0,125.0,145.0,30.35,38.28,38.67
180_640x640img258_3.jpg,1,92.17,62.5,84.63,92.0,64.0,88.0,30.4,23.52,27.62
180_640x640img259_2.jpg,0,185.91,148.35,177.22,193.0,151.0,186.0,40.75,45.07,44.19
180_640x640img25_1.jpg,0,140.45,67.83,77.46,146.0,59.0,69.0,43.43,37.0,38.06
180_640x640img260_3.jpg,1,176.13,129.97,153.04,186.0,128.0,153.0,34.64,44.17,44.72
180_640x640img261_3.jpg,1,181.31,123.57,153.04,187.0,121.0,153.0,26.58,30.33,29.9
180_640x640img262_3.jpg,1,196.76,145.17,169.55,205.0,145.0,170.0,26.3,43.74,41.86
180_640x640img263_1.jpg,0,182.86,117.86,145.84,193.0,121.0,153.0,38.86,56.28,56.79
180_640x640img264_2.jpg,0,211.14,172.18,196.65,217.0,180.0,203.0,24.59,42.55,38.4
180_640x640img265_2.jpg,0,151.76,124.5,145.14,155.0,122.0,143.0,25.2,38.01,38.1
180_640x640img268_3.jpg,1,144.41,116.94,145.27,149.0,128.0,161.0,54.7,52.89,57.14
180_640x640img270_2.jpg,0,184.14,115.31,112.35,194.0,121.0,116.0,55.07,41.74,40.98
180_640x640img272_1.jpg,0,135.53,85.24,111.77,141.0,82.0,112.0,47.32,45.3,49.72
180_640x640img273_2.jpg,0,170.71,115.38,147.08,175.0,112.0,146.0,29.33,39.97,39.52
180_640x640img274_3.jpg,1,182.6,116.67,140.14,187.0,118.0,141.0,25.64,30.61,31.39
180_640x640img277_1.jpg,0,152.35,118.32,136.91,174.0,119.0,139.0,55.26,42.12,44.86
180_640x640img278_1.jpg,0,155.95,103.37,127.82,154.0,101.0,126.0,32.43,38.91,40.35
180_640x640img279_2.jpg,0,177.07,106.22,106.34,177.0,108.0,108.0,39.34,29.38,30.7
180_640x640img27_2.jpg,0,143.78,69.15,78.14,148.0,62.0,71.0,36.77,31.72,32.33
180_640x640img281_2.jpg,0,138.86,83.95,97.16,136.0,78.0,91.0,36.75,36.81,40.12
180_640x640img283_2.jpg,0,190.8,126.98,150.06,200.0,131.0,156.0,39.6,44.84,47.02
180_640x640img285_3.jpg,1,129.93,95.74,119.51,130.0,97.0,124.0,41.52,35.38,39.7
180_640x640img288_2.jpg,0,204.18,151.99,170.1,214.0,155.0,176.0,35.14,41.75,41.31
180_640x640img28_3.jpg,1,209.69,142.28,146.87,220.0,145.0,147.0,40.29,38.94,41.21
180_640x640img291_3.jpg,1,129.0,80.88,71.25,142.0,87.0,76.0,52.09,37.0,33.59
180_640x640img292_3.jpg,1,203.2,179.59,180.19,207.0,175.0,174.0,32.35,47.13,49.78
180_640x640img293_3.jpg,1,64.83,36.16,43.38,63.0,32.0,39.0,20.99,17.55,17.86
180_640x640img294_2.jpg,0,151.82,86.22,94.14,151.0,81.0,88.0,33.76,36.84,37.5
180_640x640img295_3.jpg,1,200.62,150.48,163.95,211.0,159.0,173.0,36.11,46.97,48.54
180_640x640img296_3.jpg,1,199.85,157.34,177.47,207.0,162.0,184.0,37.25,41.83,42.89
180_640x640img29_3.jpg,1,206.93,138.29,146.07,214.0,141.0,147.0,40.49,33.28,35.18
180_640x640img2_4.jpg,1,215.34,196.05,193.44,230.0,204.0,202.0,45.31,45.25,44.62
180_640x640img30_4.jpg,1,205.44,161.85,169.46,219.0,170.0,179.0,44.5,44.59,46.16
180_640x640img31_3.jpg,1,213.35,163.3,171.64,221.0,160.0,167.0,35.28,42.21,43.26
180_640x640img32_3.jpg,1,208.47,138.63,143.72,217.0,136.0,141.0,39.1,38.33,39.71
180_640x640img33_4.jpg,1,190.47,161.26,166.32,201.0,166.0,172.0,46.8,46.63,49.61
180_640x640img34_3.jpg,1,213.69,151.65,154.75,222.0,154.0,157.0,32.36,36.53,37.8
180_640x640img36_3.jpg,1,193.54,119.1,117.92,199.0,114.0,112.0,29.68,36.59,37.64
180_640x640img37_4.jpg,1,207.64,157.81,156.98,232.0,167.0,167.0,63.13,60.1,60.32
180_640x640img39_3.jpg,1,162.4,118.36,129.39,172.0,122.0,133.0,25.76,24.39,26.5
180_640x640img40_1.jpg,0,166.18,88.64,93.58,169.0,83.0,89.0,30.83,41.0,42.66
180_640x640img41_1.jpg,0,141.78,79.84,86.56,148.0,71.0,77.0,48.17,42.82,45.99
180_640x640img43_2.jpg,0,152.72,95.22,100.16,185.0,94.0,97.0,75.91,56.5,57.42
180_640x640img44_3.jpg,1,210.07,155.44,159.01,232.0,166.0,171.0,58.58,57.48,59.17
180_640x640img45_3.jpg,1,181.52,122.65,130.3,187.0,120.0,129.0,41.66,48.35,50.9
180_640x640img46_4.jpg,1,195.51,158.45,173.88,213.0,164.0,179.0,51.29,55.97,60.11
180_640x640img47_3.jpg,1,219.89,168.61,163.28,231.0,173.0,168.0,40.29,45.67,46.87
180_640x640img48_4.jpg,1,209.56,173.3,177.57,222.0,181.0,184.0,45.9,45.25,47.09
180_640x640img49_3.jpg,1,183.93,129.24,134.82,198.0,128.0,134.0,51.9,54.16,55.28
180_640x640img50_4.jpg,1,205.51,179.62,190.69,207.0,177.0,190.0,29.44,38.6,39.25
180_640x640img51_3.jpg,1,209.78,131.12,140.79,221.0,135.0,146.0,41.13,53.06,54.8
180_640x640img52_3.jpg,1,193.81,142.44,146.24,215.0,152.0,157.0,55.75,56.79,59.09
180_640x640img54_2.jpg,0,171.22,98.77,103.22,174.0,94.0,98.0,32.59,38.36,39.86
180_640x640img55_2.jpg,0,215.34,135.74,139.05,224.0,140.0,142.0,34.04,46.5,47.21
180_640x640img56_2.jpg,0,218.69,163.32,164.12,244.0,176.0,178.0,56.0,59.03,59.17
180_640x640img57_1.jpg,0,179.46,111.12,123.45,184.0,109.0,122.0,34.47,42.47,44.28
180_640x640img58_2.jpg,0,214.2,141.11,141.56,220.0,142.0,142.0,29.23,46.22,48.36
180_640x640img59_2.jpg,0,206.65,124.88,127.15,211.0,123.0,126.0,28.97,41.26,42.85
180_640x640img5_4.jpg,1,215.46,168.14,164.92,226.0,171.0,168.0,33.23,38.35,40.98
180_640x640img60_2.jpg,0,203.88,154.66,156.25,227.0,163.0,166.0,52.94,60.69,61.92
180_640x640img61_3.jpg,1,224.53,174.1,172.31,233.0,180.0,178.0,31.82,42.93,44.25
180_640x640img62_4.jpg,1,213.54,194.15,198.08,221.0,199.0,203.0,34.22,36.7,38.1
180_640x640img63_2.jpg,0,165.73,91.57,97.37,176.0,90.0,96.0,35.9,27.71,25.4
180_640x640img64_1.jpg,0,151.62,73.98,96.86,147.0,66.0,88.0,37.47,36.23,39.62
180_640x640img65_2.jpg,0,231.65,184.77,190.9,244.0,190.0,197.0,35.09,44.22,44.02
180_640x640img66_2.jpg,0,225.48,175.84,176.37,233.0,180.0,181.0,26.32,41.14,41.77
180_640x640img67_1.jpg,0,153.34,94.78,113.11,161.0,87.0,107.0,44.52,50.99,54.31
180_640x640img68_3.jpg,1,164.87,109.35,121.52,170.0,102.0,116.0,35.06,42.55,46.48
180_640x640img69_3.jpg,1,203.93,148.29,141.5,209.0,147.0,142.0,31.19,39.18,40.15
180_640x640img6_3.jpg,1,194.58,151.66,152.13,205.0,156.0,157.0,44.81,46.98,47.84
180_640x640img70_4.jpg,1,231.6,191.95,190.72,240.0,195.0,196.0,29.33,35.88,35.92
180_640x640img73_3.jpg,1,188.69,129.52,131.18,221.0,140.0,142.0,69.81,56.23,54.64
180_640x640img74_4.jpg,1,236.71,186.77,182.68,250.0,195.0,191.0,33.26,35.07,36.07
180_640x640img75_4.jpg,1,213.16,179.25,172.54,221.0,185.0,177.0,31.63,44.09,45.5
180_640x640img77_3.jpg,1,229.86,184.98,186.39,239.0,187.0,190.0,28.26,47.39,47.04
180_640x640img78_4.jpg,1,215.63,170.08,174.36,222.0,172.0,179.0,34.63,46.73,47.47
180_640x640img79_4.jpg,1,194.96,151.35,151.9,204.0,159.0,161.0,43.29,45.71,46.9
180_640x640img80_4.jpg,1,193.14,144.4,140.42,217.0,154.0,153.0,64.61,60.28,61.57
180_640x640img81_4.jpg,1,210.69,152.87,159.59,221.0,156.0,164.0,40.32,48.69,48.94
180_640x640img82_4.jpg,1,219.28,167.52,163.29,241.0,178.0,173.0,55.63,56.71,56.57
180_640x640img83_4.jpg,1,148.56,113.0,115.93,169.0,113.0,115.0,77.23,66.32,66.59
180_640x640img84_4.jpg,1,201.5,162.77,160.7,220.0,171.0,169.0,58.75,52.82,51.46
180_640x640img88_5.jpg,1,217.6,191.19,191.47,222.0,191.0,191.0,24.42,28.42,31.18
180_640x640img89_5.jpg,1,220.57,204.96,203.38,234.0,213.0,211.0,36.37,34.88,34.88
180_640x640img8_5.jpg,1,189.01,173.05,170.0,199.0,184.0,182.0,32.84,37.76,41.39
180_640x640img90_4.jpg,1,185.09,152.48,153.02,206.0,165.0,166.0,57.56,53.0,52.67
180_640x640img91_5.jpg,1,213.54,188.09,188.96,218.0,190.0,191.0,30.77,34.47,35.31
180_640x640img92_5.jpg,1,196.47,165.96,166.29,209.0,179.0,180.0,45.85,49.63,52.05
180_640x640img93_5.jpg,1,210.18,201.4,203.06,221.0,211.0,212.0,35.94,37.76,41.06
180_640x640img94_2.jpg,0,208.77,152.09,162.14,216.0,160.0,171.0,35.99,41.76,41.29
180_640x640img96_4.jpg,1,179.88,133.52,126.08,197.0,144.0,135.0,60.28,48.64,48.1
180_640x640img97_4.jpg,1,200.33,158.55,153.38,221.0,175.0,170.0,65.09,56.25,56.04
180_640x640img99_3.jpg,1,175.4,126.14,141.46,180.0,124.0,141.0,30.25,33.84,36.28
270_640x6402023-09-13&695_3.jpg,1,160.57,120.98,111.72,163.0,121.0,110.0,17.44,20.31,23.08
270_640x6402023-09-13&m49_3.jpg,1,177.63,146.82,145.52,181.0,148.0,150.0,26.49,34.42,36.37
270_640x640img100_3.jpg,1,175.04,121.96,129.93,178.0,119.0,128.0,31.89,29.89,31.77
270_640x640img101_3.jpg,1,187.61,131.14,152.48,191.0,126.0,149.0,32.97,36.93,37.26
270_640x640img104_3.jpg,1,179.48,105.45,118.44,187.0,99.0,112.0,36.21,32.34,34.78
270_640x640img105_3.jpg,1,166.98,92.28,90.74,170.0,90.0,90.0,27.57,27.92,28.5
270_640x640img107_3.jpg,1,234.4,194.72,211.26,246.0,198.0,221.0,30.33,42.05,40.54
270_640x640img108_2.jpg,0,217.85,166.93,184.18,223.0,167.0,186.0,28.42,37.67,36.33
270_640x640img110_3.jpg,1,234.78,187.99,187.58,243.0,189.0,190.0,25.02,37.45,38.24
270_640x640img111_2.jpg,0,159.94,112.37,113.14,169.0,111.0,111.0,30.9,30.78,32.69
270_640x640img112_2.jpg,0,194.76,130.34,135.76,198.0,124.0,130.0,37.92,36.71,37.66
270_640x640img114_3.jpg,1,214.6,150.92,148.58,226.0,155.0,152.0,37.34,33.28,33.81
270_640x640img115_3.jpg,1,162.1,84.88,95.83,169.0,83.0,95.0,34.08,29.4,30.13
270_640x640img116_3.jpg,1,207.42,131.39,137.71,214.0,129.0,136.0,35.85,29.66,32.23
270_640x640img117_3.jpg,1,188.25,121.44,137.13,195.0,120.0,138.0,40.85,41.58,45.52
270_640x640img118_3.jpg,1,196.95,124.79,133.01,207.0,122.0,131.0,36.47,34.65,38.03
270_640x640img119_3.jpg,1,209.19,139.97,153.07,219.0,140.0,152.0,42.58,38.7,41.97
270_640x640img120_3.jpg,1,213.62,143.04,147.55,226.0,143.0,148.0,44.3,38.41,40.93
270_640x640img122_2.jpg,0,147.64,71.46,71.75,161.0,72.0,73.0,64.72,42.92,44.15
270_640x640img123_2.jpg,0,193.12,100.84,101.08,203.0,100.0,100.0,39.13,23.74,24.06
270_640x640img124_3.jpg,1,231.41,152.6,161.44,245.0,154.0,162.0,39.36,36.23,38.7
270_640x640img125_3.jpg,1,208.45,137.64,141.77,214.0,129.0,133.0,34.27,40.71,43.76
270_640x640img127_2.jpg,0,240.98,201.52,209.33,248.0,205.0,214.0,23.5,35.17,33.08
270_640x640img128_2.jpg,0,157.32,90.59,100.16,160.0,90.0,100.0,30.49,31.87,31.83
270_640x640img12_2.jpg,0,200.8,136.2,132.27,211.0,133.0,130.0,36.78,38.14,40.49
270_640x640img133_2.jpg,0,186.72,114.65,130.47,201.0,118.0,135.0,49.04,46.01,49.03
270_640x640img134_1.jpg,0,161.84,91.21,100.76,167.0,81.0,94.0,34.48,40.45,38.13
270_640x640img136_3.jpg,1,220.3,166.19,170.81,228.0,173.0,175.0,36.46,42.12,40.4
270_640x640img139_3.jpg,1,183.1,144.46,144.49,192.0,144.0,145.0,40.36,42.72,41.21
270_640x640img13_3.jpg,1,218.06,180.28,183.63,227.0,186.0,189.0,37.3,34.52,38.34
270_640x640img141_2.jpg,0,195.08,137.17,135.47,211.0,148.0,145.0,45.79,61.49,60.24
270_640x640img142_2.jpg,0,203.4,152.29,148.99,213.0,149.0,146.0,44.08,53.23,49.81
270_640x640img143_4.jpg,1,212.26,156.6,157.31,221.0,158.0,158.0,31.33,35.7,36.9
270_640x640img144_2.jpg,0,220.4,157.2,158.09,230.0,161.0,162.0,40.3,41.65,41.45
270_640x640img146_2.jpg,0,222.2,155.49,157.53,231.0,155.0,158.0,34.16,41.39,40.48
270_640x640img148_4.jpg,1,202.47,150.5,151.81,210.0,152.0,152.0,35.63,31.42,30.4
270_640x640img14_4.jpg,1,199.58,158.7,148.62,206.0,162.0,152.0,28.6,32.45,32.98
270_640x640img150_2.jpg,0,201.52,125.67,125.37,208.0,125.0,127.0,31.83,49.53,46.26
270_640x640img153_3.jpg,1,202.89,145.11,146.06,213.0,159.0,157.0,39.3,55.13,54.41
270_640x640img155_3.jpg,1,220.71,153.67,154.08,233.0,160.0,162.0,35.68,44.28,43.96
270_640x640img156_3.jpg,1,198.55,141.93,141.4,209.0,143.0,143.0,37.93,37.91,39.27
270_640x640img157_3.jpg,1,172.54,100.19,100.99,181.0,106.0,109.0,37.64,39.19,38.75
270_640x640img161_4.jpg,1,217.05,167.91,162.07,228.0,173.0,167.0,42.27,39.16,36.38
270_640x640img164_4.jpg,1,168.01,121.37,138.57,176.0,130.0,149.0,36.78,31.89,35.43
270_640x640img165_3.jpg,1,163.07,111.16,128.73,168.0,111.0,131.0,38.1,45.98,47.57
270_640x640img166_3.jpg,1,181.79,140.95,135.21,194.0,141.0,137.0,34.46,36.57,35.88
270_640x640img172_4.jpg,1,204.2,160.01,158.94,215.0,169.0,168.0,41.01,41.82,41.19
270_640x640img173_4.jpg,1,213.09,172.64,171.99,228.0,178.0,178.0,44.95,57.93,57.26
270_640x640img175_3.jpg,1,185.95,126.61,124.67,197.0,129.0,126.0,37.79,36.57,35.84
270_640x640img176_3.jpg,1,211.46,149.58,141.12,226.0,155.0,147.0,42.27,41.98,43.79
270_640x640img177_3.jpg,1,212.22,154.76,158.16,225.0,158.0,165.0,42.14,53.9,53.94
270_640x640img178_2.jpg,0,174.21,122.33,122.27,184.0,114.0,114.0,48.68,49.8,53.14
270_640x640img179_3.jpg,1,208.48,161.68,158.6,215.0,166.0,164.0,35.88,35.33,38.46
270_640x640img181_2.jpg,0,220.78,146.51,139.09,228.0,142.0,134.0,30.82,40.88,43.86
270_640x640img183_2.jpg,0,219.53,175.64,169.71,239.0,188.0,182.0,48.31,50.9,52.29
270_640x640img184_2.jpg,0,213.5,127.42,117.92,222.0,124.0,113.0,31.67,46.9,50.0
270_640x640img186_2.jpg,0,172.07,126.21,125.14,202.0,128.0,126.0,66.91,60.37,61.89
270_640x640img187_4.jpg,1,217.51,170.29,164.03,223.0,178.0,173.0,32.17,38.06,42.69
270_640x640img189_3.jpg,1,238.92,182.91,186.91,245.0,187.0,193.0,22.39,39.02,39.92
270_640x640img18_2.jpg,0,220.32,162.04,153.69,231.0,164.0,155.0,33.76,39.19,40.04
270_640x640img190_3.jpg,1,221.76,156.14,144.18,230.0,162.0,148.0,29.65,34.81,36.94
270_640x640img192_4.jpg,1,238.74,182.16,170.81,253.0,189.0,177.0,38.45,41.64,41.16
270_640x640img195_1.jpg,0,216.65,137.13,130.45,226.0,131.0,122.0,38.53,50.85,50.68
270_640x640img196_2.jpg,0,178.55,136.47,133.46,184.0,141.0,137.0,23.23,32.94,38.2
270_640x640img197_3.jpg,1,203.66,136.97,129.69,213.0,139.0,133.0,31.0,33.47,35.29
270_640x640img198_3.jpg,1,207.27,164.48,164.63,216.0,165.0,165.0,33.53,37.65,38.97
270_640x640img199_3.jpg,1,185.09,138.44,139.39,201.0,126.0,127.0,48.82,60.58,61.9
270_640x640img200_2.jpg,0,226.33,150.9,141.65,240.0,155.0,146.0,38.5,41.16,41.88
270_640x640img201_3.jpg,1,215.2,136.95,127.95,229.0,140.0,131.0,43.17,33.41,33.96
270_640x640img202_3.jpg,1,180.49,115.4,122.41,180.0,109.0,116.0,27.53,35.09,36.57
270_640x640img203_3.jpg,1,198.69,135.23,129.74,206.0,138.0,131.0,33.31,38.35,42.23
270_640x640img205_3.jpg,1,200.01,152.7,148.73,206.0,149.0,147.0,33.85,56.07,59.33
270_640x640img206_3.jpg,1,185.5,152.87,160.18,197.0,152.0,160.0,37.73,32.17,37.18
270_640x640img207_3.jpg,1,191.02,119.28,121.67,201.0,119.0,120.0,43.8,37.91,36.84
270_640x640img208_4.jpg,1,222.23,164.58,157.25,242.0,176.0,168.0,41.22,44.75,46.91
270_640x640img212_3.jpg,1,219.26,163.9,153.1,242.0,174.0,163.0,47.6,53.38,55.14
270_640x640img215_2.jpg,0,220.61,147.32,147.44,235.0,147.0,148.0,41.56,46.36,48.1
270_640x640img216_3.jpg,1,224.85,170.24,170.43,234.0,179.0,179.0,32.35,41.67,43.24
270_640x640img218_3.jpg,1,209.64,154.14,146.49,225.0,163.0,156.0,46.29,42.38,46.49
270_640x640img21_4.jpg,1,182.43,156.39,156.61,194.0,157.0,158.0,31.36,36.9,38.88
270_640x640img220_3.jpg,1,219.7,161.45,150.88,238.0,168.0,157.0,46.26,45.25,45.27
270_640x640img221_2.jpg,0,189.04,146.87,171.01,192.0,145.0,172.0,30.36,38.81,39.51
270_640x640img222_1.jpg,0,133.78,79.09,97.38,129.0,75.0,96.0,48.14,46.51,50.92
270_640x640img223_2.jpg,0,170.42,131.14,160.45,179.0,131.0,163.0,29.0,37.08,37.03
270_640x640img224_2.jpg,0,207.68,140.29,164.98,213.0,140.0,168.0,27.51,31.03,30.52
270_640x640img226_1.jpg,0,149.09,99.9,119.6,146.0,97.0,120.0,42.91,46.69,49.04
270_640x640img227_4.jpg,1,199.49,172.88,195.38,203.0,185.0,210.0,36.51,47.28,45.65
270_640x640img228_2.jpg,0,191.68,139.08,167.13,195.0,143.0,174.0,32.56,42.73,39.95
270_640x640img229_2.jpg,0,133.6,85.6,107.47,134.0,83.0,109.0,53.18,52.93,58.53
270_640x640img22_3.jpg,1,181.33,140.76,136.82,200.0,145.0,140.0,50.45,49.09,50.01
270_640x640img230_2.jpg,0,212.44,155.01,157.64,219.0,149.0,153.0,30.39,46.85,47.86
270_640x640img234_1.jpg,0,140.18,83.77,97.21,142.0,82.0,96.0,26.0,28.27,27.39
270_640x640img235_1.jpg,0,199.45,160.94,187.97,205.0,167.0,194.0,32.6,49.42,45.07
270_640x640img236_1.jpg,0,148.41,111.37,138.74,149.0,106.0,136.0,37.26,45.34,48.04
270_640x640img238_3.jpg,1,189.95,138.96,151.13,194.0,138.0,155.0,48.68,69.5,68.24
270_640x640img239_3.jpg,1,127.97,95.61,119.6,128.0,92.0,119.0,45.58,45.29,48.11
270_640x640img23_2.jpg,0,186.61,108.07,100.59,191.0,99.0,90.0,27.77,34.59,34.65
270_640x640img242_2.jpg,0,130.31,89.6,112.42,125.0,80.0,107.0,49.1,51.24,56.26
270_640x640img243_1.jpg,0,174.1,113.89,129.69,181.0,112.0,128.0,32.99,37.28,37.6
270_640x640img244_3.jpg,1,166.07,132.48,152.19,167.0,130.0,153.0,44.73,49.0,49.93
270_640x640img246_2.jpg,0,179.59,153.76,169.84,198.0,172.0,191.0,57.89,56.5,59.28
270_640x640img247_4.jpg,1,131.2,97.84,112.53,119.0,76.0,94.0,56.13,61.08,64.84
270_640x640img248_2.jpg,0,191.91,147.32,165.69,194.0,146.0,168.0,40.36,51.76,49.97
270_640x640img24_3.jpg,1,208.89,162.11,168.36,222.0,175.0,181.0,40.81,54.57,56.77
270_640x640img250_2.jpg,0,184.49,128.77,150.42,191.0,131.0,154.0,31.28,42.72,42.67
270_640x640img252_3.jpg,1,181.67,131.8,132.21,189.0,130.0,131.0,32.87,46.23,47.32
270_640x640img253_2.jpg,0,196.43,147.54,174.92,203.0,156.0,183.0,36.41,57.53,54.36
270_640x640img254_2.jpg,0,150.74,99.9,125.35,150.0,89.0,119.0,49.43,55.9,57.88
270_640x640img255_1.jpg,0,158.39,105.05,133.37,158.0,99.0,129.0,43.0,41.87,44.0
270_640x640img256_2.jpg,0,208.1,168.64,195.01,214.0,172.0,199.0,26.51,39.19,37.07
270_640x640img257_3.jpg,1,170.59,125.07,143.6,178.0,126.0,145.0,29.95,37.83,38.1
270_640x640img258_3.jpg,1,97.55,64.23,86.85,96.0,64.0,89.0,26.88,21.99,25.44
270_640x640img259_2.jpg,0,184.22,146.86,175.39,191.0,150.0,185.0,41.66,45.68,45.3
270_640x640img25_1.jpg,0,140.89,68.74,78.08,145.0,60.0,70.0,43.16,37.13,38.11
270_640x640img260_3.jpg,1,175.88,129.71,152.75,186.0,127.0,153.0,34.49,44.1,44.64
270_640x640img261_3.jpg,1,180.3,122.51,151.97,187.0,120.0,152.0,26.74,30.41,30.0
270_640x640img262_3.jpg,1,197.04,145.21,169.51,205.0,145.0,169.0,26.26,43.41,41.68
270_640x640img263_1.jpg,0,184.12,118.94,147.19,194.0,123.0,155.0,38.59,56.51,56.85
270_640x640img264_2.jpg,0,211.23,172.01,196.75,217.0,180.0,203.0,24.52,42.94,38.26
270_640x640img265_2.jpg,0,154.65,127.25,148.28,156.0,126.0,146.0,21.38,37.9,37.37
270_640x640img267_2.jpg,0,131.48,86.6,109.97,125.0,70.0,99.0,61.04,66.67,69.04
270_640x640img268_3.jpg,1,143.46,115.83,143.93,148.0,126.0,159.0,54.62,53.13,57.54
270_640x640img269_3.jpg,1,128.13,89.75,89.63,135.0,90.0,89.0,28.9,14.76,12.77
270_640x640img26_1.jpg,0,150.17,74.56,84.1,153.0,67.0,77.0,38.04,34.5,35.19
270_640x640img270_2.jpg,0,201.8,124.59,120.85,210.0,125.0,120.0,39.36,34.67,34.49
270_640x640img272_1.jpg,0,132.17,85.63,111.33,135.0,82.0,110.0,47.65,47.1,51.8
270_640x640img273_2.jpg,0,165.98,113.04,143.88,173.0,110.0,143.0,33.33,41.61,41.29
270_640x640img274_3.jpg,1,181.11,115.82,139.05,187.0,117.0,140.0,28.23,31.15,32.41
270_640x640img277_1.jpg,0,152.71,118.55,137.13,174.0,119.0,139.0,54.79,42.09,44.83
270_640x640img278_1.jpg,0,156.7,104.5,128.93,154.0,102.0,127.0,31.86,38.88,40.21
270_640x640img279_2.jpg,0,176.76,106.02,106.05,177.0,108.0,108.0,39.95,29.82,31.12
270_640x640img27_2.jpg,0,141.22,68.19,76.86,146.0,61.0,70.0,37.95,32.08,32.68
270_640x640img280_3.jpg,1,132.14,84.81,82.26,132.0,76.0,73.0,38.52,38.05,36.54
270_640x640img281_2.jpg,0,140.96,86.14,99.8,138.0,80.0,93.0,35.48,35.72,38.43
270_640x640img283_2.jpg,0,185.53,123.1,144.88,197.0,126.0,152.0,42.83,45.95,49.43
270_640x640img284_3.jpg,1,167.36,132.15,142.8,166.0,119.0,131.0,41.07,55.04,55.34
270_640x640img285_3.jpg,1,127.33,93.74,117.15,127.0,96.0,123.0,43.28,36.72,41.33
270_640x640img287_3.jpg,1,195.26,127.77,137.3,199.0,133.0,144.0,31.49,36.87,36.8
270_640x640img288_2.jpg,0,205.0,152.31,170.49,214.0,155.0,176.0,34.07,41.38,40.91
270_640x640img28_3.jpg,1,202.97,138.17,142.5,216.0,142.0,144.0,46.76,42.19,44.66
270_640x640img291_3.jpg,1,128.08,79.92,70.36,140.0,85.0,74.0,52.11,37.12,33.8
270_640x640img294_2.jpg,0,151.27,86.02,93.91,151.0,81.0,88.0,35.13,37.08,37.78
270_640x640img295_3.jpg,1,205.5,154.95,169.05,213.0,162.0,177.0,31.33,44.32,44.97
270_640x640img296_3.jpg,1,201.67,159.02,179.27,208.0,164.0,185.0,35.61,40.64,41.51
270_640x640img29_3.jpg,1,206.4,140.0,147.43,221.0,143.0,150.0,45.25,34.07,36.37
270_640x640img2_4.jpg,1,216.48,197.62,195.09,231.0,205.0,202.0,44.66,44.38,43.54
270_640x640img30_4.jpg,1,205.57,162.12,169.74,219.0,171.0,179.0,44.95,44.46,46.03
270_640x640img31_3.jpg,1,215.19,165.97,174.42,223.0,162.0,169.0,32.6,40.44,41.53
270_640x640img33_4.jpg,1,197.11,167.6,173.19,203.0,169.0,176.0,37.31,39.34,41.51
270_640x640img34_3.jpg,1,210.18,149.27,152.25,221.0,153.0,156.0,38.65,39.25,40.53
270_640x640img35_3.jpg,1,222.57,177.62,183.12,243.0,191.0,197.0,54.1,51.61,53.65
270_640x640img36_3.jpg,1,186.58,114.28,113.18,195.0,110.0,109.0,37.0,39.03,39.97
270_640x640img37_4.jpg,1,207.5,157.34,156.46,232.0,166.0,167.0,62.98,60.1,60.35
270_640x640img38_3.jpg,1,205.09,134.91,132.3,209.0,134.0,130.0,26.51,44.03,45.23
270_640x640img40_1.jpg,0,161.82,85.52,89.59,167.0,80.0,84.0,35.32,41.81,43.86
270_640x640img41_1.jpg,0,142.07,80.4,86.92,148.0,72.0,77.0,47.76,42.31,45.57
270_640x640img42_2.jpg,0,193.17,136.45,148.64,201.0,134.0,146.0,41.06,34.29,38.37
270_640x640img43_2.jpg,0,152.79,94.53,99.41,184.0,93.0,96.0,75.38,56.18,57.12
270_640x640img44_3.jpg,1,196.56,144.02,147.31,227.0,157.0,161.0,69.82,64.05,65.97
270_640x640img45_3.jpg,1,183.86,125.02,132.81,188.0,122.0,131.0,39.73,46.98,49.4
270_640x640img46_4.jpg,1,205.81,167.48,183.36,218.0,170.0,185.0,40.2,48.61,52.57
270_640x640img47_3.jpg,1,221.47,169.99,164.48,231.0,174.0,168.0,35.58,43.3,44.86
270_640x640img48_4.jpg,1,209.12,172.85,177.08,222.0,180.0,184.0,46.24,45.49,47.36
270_640x640img49_3.jpg,1,184.98,130.85,136.53,200.0,131.0,137.0,52.42,54.55,55.65
270_640x640img50_4.jpg,1,205.69,179.55,190.77,207.0,177.0,190.0,29.04,38.74,39.34
270_640x640img51_3.jpg,1,207.19,127.05,136.61,219.0,130.0,141.0,42.5,54.7,56.43
270_640x640img52_3.jpg,1,193.68,142.19,145.86,215.0,152.0,156.0,55.71,56.72,59.1
270_640x640img53_2.jpg,0,175.14,99.5,104.98,178.0,92.0,98.0,37.51,44.09,46.04
270_640x640img54_2.jpg,0,172.6,99.77,104.48,175.0,95.0,99.0,31.32,38.12,39.28
270_640x640img55_2.jpg,0,218.13,138.78,142.45,225.0,143.0,146.0,30.64,44.66,44.77
270_640x640img56_2.jpg,0,218.29,163.17,163.97,243.0,175.0,177.0,55.92,58.79,58.88
270_640x640img57_1.jpg,0,179.5,111.27,123.6,183.0,109.0,122.0,33.8,42.42,44.16
270_640x640img58_2.jpg,0,212.44,139.55,139.93,219.0,141.0,141.0,31.78,47.54,49.52
270_640x640img59_2.jpg,0,173.31,104.16,105.15,198.0,104.0,105.0,64.63,49.73,51.43
270_640x640img60_2.jpg,0,215.65,165.65,167.57,230.0,171.0,175.0,35.0,50.4,51.31
270_640x640img61_3.jpg,1,229.31,180.81,179.13,236.0,187.0,186.0,26.66,40.41,41.99
270_640x640img62_4.jpg,1,214.38,194.88,198.91,222.0,200.0,203.0,34.08,36.4,37.64
270_640x640img63_2.jpg,0,165.27,91.52,97.3,176.0,90.0,96.0,36.44,27.94,25.59
270_640x640img64_1.jpg,0,151.89,74.12,96.82,147.0,66.0,88.0,38.59,36.94,40.59
270_640x640img65_2.jpg,0,231.76,184.86,190.95,244.0,190.0,196.0,34.14,43.86,43.67
270_640x640img66_2.jpg,0,221.58,171.12,171.6,231.0,176.0,177.0,31.56,44.06,44.64
270_640x640img67_1.jpg,0,154.85,95.87,114.48,161.0,88.0,108.0,42.46,50.64,53.75
270_640x640img68_3.jpg,1,164.62,109.0,121.14,170.0,101.0,115.0,34.37,42.29,46.2
270_640x640img69_3.jpg,1,201.95,147.19,140.66,208.0,146.0,141.0,32.69,40.14,41.16
270_640x640img70_4.jpg,1,231.72,192.37,191.22,240.0,195.0,195.0,28.33,34.78,34.7
270_640x640img72_2.jpg,0,200.68,140.49,140.25,212.0,141.0,143.0,45.51,47.86,49.71
270_640x640img73_3.jpg,1,222.9,152.74,153.19,229.0,153.0,154.0,25.73,36.23,35.96
270_640x640img74_4.jpg,1,194.95,152.84,151.59,242.0,179.0,177.0,83.18,70.67,68.61
270_640x640img77_3.jpg,1,225.03,180.87,182.24,237.0,184.0,188.0,35.96,50.64,50.34
270_640x640img78_4.jpg,1,208.6,164.62,168.7,220.0,169.0,176.0,46.45,52.09,53.17
270_640x640img79_4.jpg,1,199.06,154.22,154.85,206.0,160.0,162.0,35.79,42.65,43.76
270_640x640img80_4.jpg,1,193.32,144.67,140.74,217.0,155.0,154.0,64.45,60.14,61.4
270_640x640img81_4.jpg,1,206.62,150.74,157.28,219.0,155.0,163.0,44.11,50.74,51.37
270_640x640img82_4.jpg,1,219.95,171.6,167.53,242.0,181.0,177.0,55.15,57.74,57.66
270_640x640img83_4.jpg,1,197.96,149.87,152.21,205.0,148.0,151.0,38.61,48.85,50.53
270_640x640img84_4.jpg,1,204.5,163.01,159.94,219.0,169.0,167.0,51.61,49.5,49.93
270_640x640img86_3.jpg,1,203.47,128.41,131.9,213.0,123.0,127.0,37.89,29.52,30.23
270_640x640img87_3.jpg,1,177.68,124.92,122.14,181.0,119.0,116.0,36.42,33.98,32.39
270_640x640img88_5.jpg,1,214.18,189.26,189.31,221.0,191.0,192.0,29.76,32.06,35.49
270_640x640img89_5.jpg,1,218.71,202.93,201.14,233.0,212.0,210.0,37.29,36.57,36.78
270_640x640img8_5.jpg,1,189.52,172.95,169.62,199.0,183.0,182.0,30.78,36.9,40.85
270_640x640img90_4.jpg,1,184.13,151.88,152.4,206.0,165.0,166.0,58.29,53.36,53.06
270_640x640img91_5.jpg,1,188.46,165.17,166.46,214.0,183.0,184.0,66.53,63.16,62.66
270_640x640img92_5.jpg,1,209.8,180.73,181.63,214.0,186.0,186.0,26.77,35.1,38.87
270_640x640img96_4.jpg,1,179.97,134.0,126.67,198.0,145.0,136.0,60.07,48.54,48.0
270_640x640img97_4.jpg,1,199.9,158.72,153.84,221.0,175.0,171.0,65.59,56.21,55.91
270_640x640img98_3.jpg,1,188.15,140.72,155.87,191.0,135.0,150.0,34.41,32.22,35.79
270_640x640img99_3.jpg,1,175.56,126.76,142.1,180.0,125.0,141.0,30.34,33.6,36.12
640x6402023-09-13&1107_1.jpg,0,137.21,96.21,110.24,148.0,94.0,106.0,34.37,34.83,41.65
640x6402023-09-13&25_1.jpg,0,172.79,130.15,134.34,181.0,133.5,139.0,34.57,37.6,39.68
640x6402023-09-13&29_1.jpg,0,170.84,104.63,102.12,183.0,110.0,109.0,50.33,61.33,63.72
640x6402023-09-13&37_1.jpg,0,196.51,161.33,171.66,210.0,167.0,180.0,46.39,57.24,56.96
640x6402023-09-13&947_3.jpg,1,181.2,141.2,135.1,187.0,134.0,127.0,28.36,44.16,49.01
640x6402023-09-13&997_1.jpg,0,203.26,143.9,137.75,203.0,142.0,136.0,31.42,49.27,55.48
640x640img100_3.jpg,1,177.36,123.12,131.19,180.0,120.0,129.0,28.93,28.81,30.57
640x640img101_3.jpg,1,186.3,130.19,151.31,190.0,125.0,148.0,33.95,37.2,37.78
640x640img104_3.jpg,1,179.15,104.12,117.26,187.0,98.0,112.0,36.55,33.54,35.83
640x640img105_3.jpg,1,167.0,91.84,90.15,170.0,90.0,90.0,27.25,27.94,28.55
640x640img106_3.jpg,1,181.48,139.25,151.67,188.0,140.0,151.0,41.38,34.44,37.97
640x640img107_3.jpg,1,235.13,195.29,211.69,246.0,198.0,221.0,29.93,41.96,40.32
640x640img108_2.jpg,0,218.43,167.6,184.69,224.0,168.0,187.0,29.57,37.87,37.22
640x640img10_2.jpg,0,200.1,127.86,115.6,205.0,118.0,105.0,28.99,39.93,41.7
640x640img110_3.jpg,1,234.97,188.45,188.15,243.0,190.0,190.0,26.03,37.64,38.32
640x640img111_2.jpg,0,158.46,111.64,112.47,167.0,110.0,110.0,32.08,30.91,32.8
640x640img114_3.jpg,1,214.16,150.64,148.48,226.0,155.0,152.0,38.61,33.7,33.9
640x640img115_3.jpg,1,162.67,84.67,95.52,169.0,83.0,95.0,33.19,28.98,29.62
640x640img116_3.jpg,1,207.78,131.5,137.85,214.0,129.0,136.0,35.05,29.47,32.08
640x640img117_3.jpg,1,188.04,120.76,136.46,195.0,119.0,138.0,40.36,41.98,45.96
640x640img118_3.jpg,1,197.87,125.03,133.33,207.0,122.0,131.0,35.01,34.51,37.87
640x640img119_3.jpg,1,205.23,136.62,149.01,216.0,136.0,149.0,44.81,40.06,43.85
640x640img120_3.jpg,1,211.75,142.51,146.96,223.0,141.0,146.0,42.44,36.97,39.69
640x640img121_2.jpg,0,174.88,85.11,87.05,183.0,85.0,87.0,35.76,32.4,32.84
640x640img122_2.jpg,0,178.09,87.23,87.66,190.0,86.0,87.0,42.53,38.67,40.09
640x640img123_2.jpg,0,195.08,101.43,101.83,204.0,100.0,101.0,37.87,23.57,23.57
640x640img124_3.jpg,1,234.48,153.35,162.48,246.0,153.0,162.0,33.19,34.02,36.51
640x640img125_3.jpg,1,206.24,135.92,139.84,212.0,128.0,131.0,36.28,41.37,44.6
640x640img126_1.jpg,0,136.78,80.82,95.57,144.0,78.0,93.0,44.77,33.15,33.45
640x640img127_2.jpg,0,240.72,201.92,209.57,248.0,206.0,214.0,24.34,35.15,33.35
640x640img128_2.jpg,0,163.27,97.18,106.86,166.0,96.0,107.0,26.55,29.98,29.76
640x640img129_1.jpg,0,152.04,95.97,111.78,180.0,94.0,111.0,76.11,56.98,57.33
640x640img12_2.jpg,0,198.96,134.44,130.39,210.0,132.0,128.0,39.33,39.41,41.9
640x640img130_2.jpg,0,133.07,93.27,105.81,152.0,89.0,102.0,65.68,56.69,56.58
640x640img132_3.jpg,1,162.86,100.73,110.44,168.0,100.0,110.0,31.63,26.25,26.35
640x640img133_2.jpg,0,186.18,115.07,130.82,200.0,119.0,135.0,49.09,45.64,48.74
640x640img134_1.jpg,0,162.36,91.44,101.17,168.0,81.0,94.0,34.33,40.24,37.9
640x640img13_3.jpg,1,219.46,179.91,182.85,228.0,185.0,188.0,35.97,34.09,38.12
640x640img148_4.jpg,1,209.19,149.48,151.2,213.0,149.0,150.0,19.81,25.31,24.87
640x640img14_4.jpg,1,199.36,158.12,148.2,206.0,162.0,152.0,28.86,32.12,32.61
640x640img155_3.jpg,1,223.85,156.24,157.12,233.0,163.0,164.0,32.53,43.52,42.07
640x640img15_4.jpg,1,212.96,190.5,180.38,223.0,200.0,189.0,34.78,40.97,44.64
640x640img166_3.jpg,1,181.86,140.7,135.07,194.0,141.0,137.0,33.98,36.76,35.98
640x640img16_2.jpg,0,194.09,111.15,116.0,199.0,102.0,106.0,35.93,35.08,38.45
640x640img172_4.jpg,1,204.93,160.26,159.31,215.0,169.0,168.0,38.86,41.22,40.55
640x640img176_3.jpg,1,211.19,149.19,140.75,226.0,156.0,147.0,41.97,42.43,44.23
640x640img177_3.jpg,1,213.31,155.81,159.21,226.0,160.0,166.0,41.76,54.07,54.07
640x640img17_4.jpg,1,216.36,147.33,140.58,228.0,153.0,145.0,34.48,37.98,41.2
640x640img180_3.jpg,1,204.65,161.96,154.31,211.0,172.0,166.0,34.32,46.21,50.06
640x640img184_2.jpg,0,214.49,128.53,119.11,223.0,125.0,115.0,31.07,46.51,49.68
640x640img186_2.jpg,0,172.05,126.2,125.19,202.0,129.0,126.0,66.68,60.26,61.84
640x640img187_4.jpg,1,218.29,170.39,163.69,223.0,179.0,173.0,29.82,37.96,43.54
640x640img189_3.jpg,1,238.34,181.14,185.1,245.0,185.0,190.0,21.61,39.59,40.48
640x640img18_2.jpg,0,216.87,159.28,150.93,230.0,163.0,154.0,39.69,41.29,41.96
640x640img192_4.jpg,1,246.06,182.97,171.69,253.0,187.0,174.0,24.3,32.92,32.62
640x640img196_2.jpg,0,177.38,135.75,132.53,184.0,140.0,136.0,25.29,33.03,38.35
640x640img197_3.jpg,1,200.26,134.89,127.87,213.0,139.0,133.0,39.1,37.5,38.7
640x640img19_3.jpg,1,193.66,166.41,163.88,200.0,173.0,171.0,31.47,42.85,46.15
640x640img1_4.jpg,1,212.16,169.12,155.9,216.0,172.0,157.0,25.69,31.74,36.68
640x640img200_2.jpg,0,221.71,146.4,137.1,239.0,152.0,143.0,43.7,44.93,45.59
640x640img202_3.jpg,1,166.13,103.64,110.08,176.0,97.0,104.0,46.73,40.95,43.74
640x640img203_3.jpg,1,187.92,128.68,123.71,204.0,134.0,128.0,52.51,46.02,48.04
640x640img204_3.jpg,1,215.12,177.19,175.07,228.0,196.0,193.0,37.28,50.5,50.84
640x640img205_3.jpg,1,200.07,152.78,148.7,206.0,149.0,147.0,32.48,55.58,59.12
640x640img210_2.jpg,0,156.86,103.43,109.55,160.0,98.0,101.0,29.04,34.18,37.74
640x640img212_3.jpg,1,223.34,167.36,156.26,242.0,174.0,164.0,37.42,47.61,50.37
640x640img216_3.jpg,1,181.71,134.38,132.31,218.0,146.0,147.0,72.79,64.87,67.11
640x640img217_3.jpg,1,157.46,116.35,111.52,164.0,111.0,104.0,40.68,46.27,50.91
640x640img219_4.jpg,1,152.39,110.63,97.0,176.0,110.0,90.0,78.02,57.69,50.13
640x640img21_4.jpg,1,181.21,155.53,155.77,194.0,158.0,159.0,33.37,38.99,41.41
640x640img220_3.jpg,1,222.53,163.84,154.01,238.0,169.0,159.0,44.0,42.62,41.71
640x640img221_2.jpg,0,190.41,148.2,172.65,193.0,147.0,174.0,29.57,38.22,38.56
640x640img222_1.jpg,0,134.55,79.43,97.84,130.0,76.0,96.0,47.81,46.28,50.68
640x640img223_2.jpg,0,170.31,131.07,160.3,179.0,131.0,163.0,29.34,37.28,37.42
640x640img224_2.jpg,0,206.31,139.47,163.79,212.0,139.0,167.0,29.66,31.61,31.84
640x640img226_1.jpg,0,149.78,100.61,120.4,147.0,98.0,121.0,42.49,46.45,48.7
640x640img227_4.jpg,1,196.71,170.58,192.55,202.0,183.0,209.0,39.84,49.27,48.75
640x640img228_2.jpg,0,191.99,140.1,167.93,195.0,143.0,174.0,32.59,42.55,39.6
640x640img229_2.jpg,0,133.45,86.1,107.89,135.0,84.0,110.0,53.53,53.29,58.86
640x640img22_3.jpg,1,182.65,142.22,138.43,200.0,145.0,141.0,48.22,47.32,48.17
640x640img230_2.jpg,0,213.38,155.99,158.66,220.0,149.0,153.0,28.89,46.14,47.12
640x640img234_1.jpg,0,140.66,83.96,97.43,142.0,82.0,97.0,25.15,28.16,27.15
640x640img235_1.jpg,0,198.66,157.92,185.25,203.0,162.0,191.0,33.7,50.93,47.34
640x640img236_1.jpg,0,149.58,112.48,139.73,150.0,107.0,137.0,37.06,45.01,47.85
640x640img238_3.jpg,1,195.99,143.79,156.48,203.0,148.0,164.0,45.71,69.83,67.92
640x640img239_3.jpg,1,126.78,94.77,118.55,126.0,91.0,118.0,46.06,45.33,48.28
640x640img23_2.jpg,0,170.95,100.6,93.76,186.0,96.0,88.0,48.49,39.34,38.42
640x640img242_2.jpg,0,136.42,93.79,117.29,130.0,88.0,114.0,48.67,50.9,55.11
640x640img243_1.jpg,0,170.83,115.65,130.31,177.0,114.0,129.0,34.4,38.06,38.76
640x640img244_3.jpg,1,166.3,131.29,151.26,167.0,129.0,152.0,44.21,47.35,48.36
640x640img246_2.jpg,0,192.52,164.28,180.95,215.0,176.0,195.0,53.8,50.77,52.82
640x640img247_4.jpg,1,131.21,96.54,111.29,119.0,75.0,93.0,56.46,60.15,63.81
640x640img248_2.jpg,0,190.75,145.69,164.11,192.0,144.0,167.0,41.23,51.35,50.02
640x640img24_3.jpg,1,212.6,166.59,172.8,224.0,178.0,185.0,37.55,52.22,54.51
640x640img250_2.jpg,0,184.01,128.84,150.33,191.0,130.0,154.0,31.76,42.49,42.61
640x640img252_3.jpg,1,182.84,133.45,134.06,190.0,132.0,133.0,32.35,45.68,46.63
640x640img253_2.jpg,0,197.07,147.63,175.46,204.0,156.0,184.0,35.3,57.58,54.06
640x640img254_2.jpg,0,148.47,98.64,123.38,146.0,88.0,116.0,50.65,56.24,58.82
640x640img255_1.jpg,0,160.94,106.55,135.2,160.0,100.0,131.0,40.36,40.3,41.91
640x640img256_2.jpg,0,208.2,169.02,195.38,214.0,172.0,199.0,26.71,39.0,36.88
640x640img257_3.jpg,1,170.73,125.27,143.74,178.0,126.0,145.0,29.92,37.86,38.24
640x640img258_3.jpg,1,91.86,62.27,84.32,91.0,63.0,87.0,30.64,23.71,27.93
640x640img259_2.jpg,0,185.17,147.72,176.39,192.0,150.0,185.0,41.53,45.4,44.96
640x640img25_1.jpg,0,139.7,67.59,77.02,145.0,60.0,69.0,44.38,37.6,38.72
640x640img260_3.jpg,1,181.14,131.78,154.53,189.0,129.0,155.0,30.65,41.77,42.86
640x640img261_3.jpg,1,181.92,123.6,153.39,187.0,121.0,153.0,24.81,30.24,29.08
640x640img262_3.jpg,1,196.27,144.27,168.35,205.0,144.0,169.0,27.93,44.6,43.39
640x640img263_1.jpg,0,184.89,118.26,146.69,194.0,122.0,155.0,37.9,56.9,57.17
640x640img264_2.jpg,0,210.85,172.15,196.34,217.0,180.0,202.0,25.8,42.78,39.28
640x640img265_2.jpg,0,151.75,125.01,145.7,155.0,122.0,142.0,25.24,39.01,39.0
640x640img267_2.jpg,0,130.8,84.7,108.78,125.0,69.0,98.0,59.55,63.49,66.37
640x640img268_3.jpg,1,144.17,116.86,145.06,149.0,127.0,160.0,54.56,52.77,57.14
640x640img26_1.jpg,0,148.24,74.16,83.35,152.0,68.0,77.0,39.2,34.69,35.48
640x640img270_2.jpg,0,199.78,123.6,120.01,206.0,124.0,119.0,39.43,35.1,34.9
640x640img272_1.jpg,0,132.23,85.67,111.68,135.0,82.0,111.0,47.53,47.07,51.49
640x640img273_2.jpg,0,170.94,116.47,148.16,175.0,113.0,147.0,28.63,40.01,38.78
640x640img274_3.jpg,1,182.9,116.83,140.31,187.0,118.0,141.0,25.09,30.58,31.31
640x640img277_1.jpg,0,152.66,118.49,137.06,174.0,119.0,139.0,54.8,42.01,44.75
640x640img278_1.jpg,0,156.52,103.96,128.32,154.0,101.0,127.0,32.42,38.99,40.59
640x640img279_2.jpg,0,177.94,106.71,106.81,179.0,109.0,108.0,39.0,29.29,30.65
640x640img27_2.jpg,0,140.71,67.88,76.57,146.0,60.0,70.0,38.49,32.19,32.94
640x640img280_3.jpg,1,124.9,81.06,78.98,125.0,72.0,70.0,41.88,37.94,36.18
640x640img281_2.jpg,0,142.56,86.89,100.81,140.0,81.0,95.0,33.96,35.16,37.73
640x640img283_2.jpg,0,192.47,127.78,152.11,202.0,131.0,160.0,39.47,46.08,47.84
640x640img284_3.jpg,1,170.3,134.1,144.87,171.0,122.0,135.0,39.06,55.3,55.54
640x640img285_3.jpg,1,126.07,92.84,116.07,126.0,95.0,122.0,44.01,37.23,41.99
640x640img287_3.jpg,1,195.79,129.83,139.38,199.0,135.0,145.0,31.92,35.95,35.32
640x640img288_2.jpg,0,204.49,152.03,170.42,214.0,156.0,176.0,34.48,41.98,41.09
640x640img28_3.jpg,1,205.41,139.21,143.82,218.0,143.0,145.0,45.22,41.87,44.1
640x640img290_3.jpg,1,212.63,174.39,189.61,219.0,172.0,189.0,28.88,32.71,35.14
640x640img291_3.jpg,1,128.23,80.64,71.19,142.0,87.0,76.0,52.55,37.16,33.74
640x640img292_3.jpg,1,199.2,177.43,178.19,205.0,173.0,172.0,36.7,48.87,51.38
640x640img294_2.jpg,0,151.7,85.78,93.66,150.0,80.0,87.0,33.5,36.63,37.36
640x640img295_3.jpg,1,201.48,151.3,165.01,211.0,159.0,174.0,35.91,46.54,47.84
640x640img296_3.jpg,1,201.19,158.56,178.68,207.0,163.0,185.0,36.38,40.98,42.12
640x640img29_3.jpg,1,208.42,138.4,146.19,215.0,141.0,147.0,37.74,32.69,34.65
640x640img2_4.jpg,1,215.7,197.08,194.67,231.0,205.0,202.0,45.95,45.36,44.37
640x640img30_4.jpg,1,204.84,161.62,169.16,219.0,170.0,178.0,46.02,44.96,46.71
640x640img31_3.jpg,1,210.38,163.04,171.52,220.0,160.0,168.0,39.84,43.97,45.2
640x640img32_3.jpg,1,175.8,120.88,126.65,197.0,128.0,134.0,65.35,50.46,50.38
640x640img33_4.jpg,1,189.52,160.7,165.64,201.0,166.0,172.0,48.33,47.47,50.53
640x640img34_3.jpg,1,216.26,153.18,156.13,223.0,155.0,158.0,28.95,35.96,37.42
640x640img35_3.jpg,1,226.44,178.94,185.1,245.0,191.0,197.0,48.97,47.7,49.17
640x640img36_3.jpg,1,188.93,117.32,116.29,198.0,113.0,111.0,37.52,39.37,40.39
640x640img37_4.jpg,1,207.2,157.3,156.56,232.0,167.0,167.0,63.51,60.23,60.46
640x640img3_1.jpg,0,196.78,104.88,93.49,207.0,104.0,91.0,38.77,32.58,31.96
640x640img40_1.jpg,0,166.61,88.89,94.16,169.0,83.0,89.0,30.53,41.72,43.27
640x640img41_1.jpg,0,141.71,79.88,86.62,148.0,71.0,77.0,48.26,42.87,46.06
640x640img42_2.jpg,0,191.49,134.72,146.98,199.0,133.0,145.0,41.52,35.86,39.79
640x640img43_2.jpg,0,152.41,94.79,99.69,184.0,93.0,96.0,75.57,56.46,57.41
640x640img44_3.jpg,1,227.5,167.92,171.6,237.0,173.0,179.0,32.32,47.27,50.3
640x640img45_3.jpg,1,173.55,117.52,125.04,184.0,117.0,126.0,52.84,52.23,54.71
640x640img46_4.jpg,1,194.39,157.2,172.49,212.0,163.0,178.0,53.05,57.15,61.46
640x640img47_3.jpg,1,227.73,177.08,172.01,235.0,178.0,172.0,29.54,38.44,39.58
640x640img48_4.jpg,1,210.85,174.2,178.54,223.0,182.0,186.0,46.64,45.81,47.72
640x640img49_3.jpg,1,183.53,128.93,134.37,198.0,128.0,133.0,51.82,54.14,55.34
640x640img50_4.jpg,1,204.94,179.28,190.32,207.0,177.0,190.0,30.72,39.15,39.97
640x640img51_3.jpg,1,207.71,127.89,137.49,220.0,131.0,142.0,42.24,54.36,56.11
640x640img52_3.jpg,1,193.38,142.27,146.0,215.0,152.0,156.0,55.83,56.7,59.07
640x640img53_2.jpg,0,183.43,109.98,116.66,184.0,102.0,108.0,30.75,43.72,44.5
640x640img54_2.jpg,0,171.27,98.64,103.05,175.0,94.0,98.0,32.73,38.47,40.04
640x640img55_2.jpg,0,215.2,135.77,139.05,224.0,141.0,143.0,33.58,46.71,47.42
640x640img56_2.jpg,0,218.42,163.14,163.97,243.0,175.0,177.0,55.9,58.88,59.01
640x640img57_1.jpg,0,179.23,111.01,123.33,183.0,109.0,121.0,34.21,42.23,44.01
640x640img58_2.jpg,0,215.52,143.3,143.64,221.0,145.0,145.0,28.43,45.21,47.54
640x640img59_2.jpg,0,204.32,129.11,131.08,218.0,132.0,134.0,50.75,42.34,43.16
640x640img5_4.jpg,1,216.07,168.02,164.65,226.0,171.0,168.0,31.3,37.67,40.5
640x640img60_2.jpg,0,212.98,162.62,164.51,229.0,168.0,172.0,39.22,53.36,54.38
640x640img61_3.jpg,1,224.88,174.08,172.38,233.0,180.0,178.0,30.97,43.09,44.38
640x640img62_4.jpg,1,214.25,194.74,198.8,222.0,199.0,203.0,33.7,36.28,37.51
640x640img63_2.jpg,0,165.64,91.92,97.62,176.0,90.0,97.0,35.04,27.52,25.18
640x640img64_1.jpg,0,151.58,73.88,96.67,147.0,66.0,87.0,38.08,37.1,40.67
640x640img65_2.jpg,0,232.28,185.01,191.18,244.0,191.0,197.0,33.36,43.86,43.58
640x640img66_2.jpg,0,221.39,171.46,172.03,231.0,176.0,177.0,34.06,44.45,44.93
640x640img67_1.jpg,0,152.54,93.96,112.16,160.0,85.0,106.0,44.66,51.09,54.51
640x640img68_3.jpg,1,165.52,109.98,122.3,170.0,102.0,116.0,33.53,41.72,45.49
640x640img69_3.jpg,1,202.91,148.0,141.41,209.0,147.0,142.0,32.49,39.72,40.73
640x640img6_3.jpg,1,194.32,151.23,151.65,204.0,156.0,156.0,44.66,46.95,47.89
640x640img70_4.jpg,1,229.32,190.15,188.99,240.0,194.0,194.0,34.38,38.42,38.41
640x640img71_2.jpg,0,182.77,108.05,108.7,193.0,103.0,104.0,40.95,36.19,38.17
640x640img72_2.jpg,0,215.0,156.55,157.61,222.0,156.0,157.0,35.05,39.63,40.09
640x640img73_3.jpg,1,188.67,129.7,131.39,221.0,140.0,142.0,70.23,56.41,54.78
640x640img74_4.jpg,1,195.02,152.98,151.78,242.0,179.0,178.0,83.29,70.58,68.55
640x640img75_4.jpg,1,215.01,182.06,175.43,223.0,188.0,180.0,31.37,43.04,44.47
640x640img77_3.jpg,1,231.85,186.84,188.37,240.0,189.0,193.0,26.77,47.08,46.64
640x640img78_4.jpg,1,206.72,162.98,167.17,220.0,169.0,176.0,50.07,54.24,55.12
640x640img79_4.jpg,1,207.41,164.35,165.57,213.0,165.0,166.0,28.23,33.39,33.37
640x640img7_1.jpg,0,197.9,129.66,133.79,200.0,121.0,124.0,31.99,48.83,50.23
640x640img80_4.jpg,1,218.62,168.14,164.87,224.0,173.0,172.0,30.34,41.66,43.59
640x640img81_4.jpg,1,208.75,151.56,158.43,220.0,155.0,163.0,41.9,49.74,49.96
640x640img82_4.jpg,1,220.61,168.74,164.46,242.0,179.0,174.0,54.15,56.03,55.98
640x640img83_4.jpg,1,148.56,113.18,116.13,170.0,113.0,115.0,77.35,66.41,66.66
640x640img84_4.jpg,1,211.59,172.05,169.43,225.0,177.0,174.0,45.42,44.2,44.66
640x640img85_1.jpg,0,138.04,69.52,75.4,132.0,60.0,65.0,40.84,32.5,34.78
640x640img86_3.jpg,1,203.72,127.99,131.77,214.0,123.0,127.0,38.81,30.13,30.48
640x640img87_3.jpg,1,178.74,125.37,122.43,182.0,120.0,116.0,35.42,33.84,32.49
640x640img88_5.jpg,1,213.09,187.56,187.86,220.0,190.0,191.0,28.41,33.89,36.85
640x640img8_5.jpg,1,187.53,176.41,173.35,195.0,184.0,182.0,31.07,35.94,39.55
640x640img90_4.jpg,1,185.03,152.44,153.05,206.0,165.0,166.0,57.79,53.07,52.7
640x640img91_5.jpg,1,188.26,165.33,166.63,214.0,183.0,184.0,66.16,62.69,62.21
640x640img92_5.jpg,1,196.69,166.03,166.45,209.0,179.0,180.0,45.13,49.52,51.96
640x640img93_5.jpg,1,201.01,191.61,193.91,219.0,207.0,208.0,47.46,48.49,48.54
640x640img94_2.jpg,0,203.03,146.45,156.6,214.0,156.0,168.0,42.61,45.03,44.73
640x640img96_4.jpg,1,179.45,133.28,125.77,197.0,144.0,134.0,59.97,48.32,47.85
640x640img97_4.jpg,1,199.67,158.84,153.93,221.0,175.0,171.0,65.37,56.13,55.93
640x640img98_3.jpg,1,185.55,139.44,154.34,189.0,133.0,149.0,35.87,31.94,35.78
640x640img99_3.jpg,1,175.06,126.38,141.78,180.0,124.0,141.0,31.47,34.32,37.0
640x640img9_2.jpg,0,184.21,124.36,133.62,204.0,124.0,134.0,53.45,50.62,52.48
90_640x6402023-09-13&1105_2.jpg,0,208.11,193.05,190.99,218.0,210.0,211.0,33.69,48.06,53.17
90_640x6402023-09-13&1107_1.jpg,0,142.64,100.57,115.52,152.0,97.0,111.0,30.54,32.94,39.39
90_640x6402023-09-13&25_1.jpg,0,173.63,131.67,136.04,182.0,134.0,140.0,34.96,36.2,38.01
90_640x6402023-09-13&29_1.jpg,0,173.35,108.41,106.05,187.0,114.0,112.0,49.94,59.55,61.97
90_640x6402023-09-13&37_1.jpg,0,197.01,163.22,173.36,210.0,169.0,182.0,46.02,56.81,56.46
90_640x6402023-09-13&695_3.jpg,1,158.82,118.99,109.47,162.0,121.0,109.0,18.66,17.34,19.58
90_640x640img100_3.jpg,1,175.84,122.46,130.48,179.0,119.0,128.0,31.11,29.46,31.32
90_640x640img101_3.jpg,1,185.89,129.84,151.04,190.0,124.0,148.0,34.19,37.28,37.85
90_640x640img104_3.jpg,1,178.42,104.44,117.47,186.0,98.0,112.0,36.78,32.94,35.41
90_640x640img105_3.jpg,1,166.01,91.27,89.68,169.0,90.0,90.0,28.77,28.74,29.41
90_640x640img107_3.jpg,1,233.21,193.42,210.22,245.0,197.0,220.0,31.77,43.3,41.44
90_640x640img108_2.jpg,0,216.86,167.13,183.91,223.0,168.0,186.0,31.48,37.86,37.41
90_640x640img110_3.jpg,1,235.53,188.68,188.32,243.0,190.0,190.0,23.13,37.13,37.91
90_640x640img111_2.jpg,0,160.23,112.53,113.33,169.0,111.0,111.0,30.05,30.46,32.39
90_640x640img113_4.jpg,1,218.63,173.61,174.61,227.0,177.0,177.0,33.65,29.99,30.22
90_640x640img114_3.jpg,1,216.76,152.99,150.78,227.0,156.0,153.0,36.19,31.45,31.75
90_640x640img115_3.jpg,1,162.69,84.86,96.0,170.0,83.0,96.0,33.76,29.27,29.97
90_640x640img116_3.jpg,1,207.52,131.26,137.71,215.0,129.0,136.0,36.02,30.15,32.64
90_640x640img117_3.jpg,1,188.16,121.36,137.06,195.0,120.0,138.0,40.33,41.94,45.99
90_640x640img118_3.jpg,1,198.76,126.25,134.7,207.0,123.0,131.0,33.94,33.46,36.74
90_640x640img119_3.jpg,1,204.78,136.18,148.58,216.0,136.0,149.0,45.32,40.66,44.5
90_640x640img120_3.jpg,1,210.33,141.71,146.06,223.0,141.0,146.0,44.54,37.97,40.73
90_640x640img121_2.jpg,0,172.99,84.47,86.35,182.0,85.0,87.0,37.27,32.89,33.4
90_640x640img122_2.jpg,0,147.16,70.99,71.25,160.0,71.0,72.0,64.73,43.01,44.28
90_640x640img124_3.jpg,1,234.26,154.28,163.33,245.0,154.0,163.0,33.6,34.09,36.29
90_640x640img125_3.jpg,1,206.92,136.28,140.18,212.0,128.0,131.0,34.59,41.0,44.29
90_640x640img127_2.jpg,0,240.6,201.74,209.42,248.0,205.0,214.0,24.43,34.88,33.12
90_640x640img128_2.jpg,0,135.23,58.93,67.48,136.0,60.0,69.0,16.48,11.65,11.58
90_640x640img12_2.jpg,0,199.77,134.82,130.8,210.0,133.0,129.0,38.43,38.11,40.47
90_640x640img133_2.jpg,0,185.81,114.42,130.47,199.0,118.0,135.0,48.78,44.89,47.93
90_640x640img134_1.jpg,0,162.02,91.53,101.28,168.0,82.0,94.0,35.38,40.54,38.12
90_640x640img138_4.jpg,1,230.71,190.15,187.87,243.0,188.0,187.0,36.84,42.23,41.07
90_640x640img143_4.jpg,1,213.49,156.08,157.95,221.0,157.0,158.0,29.1,34.48,36.11
90_640x640img146_2.jpg,0,222.66,156.65,158.64,231.0,156.0,159.0,33.39,40.15,39.58
90_640x640img14_4.jpg,1,199.6,160.07,150.06,207.0,163.0,153.0,28.59,34.1,34.64
90_640x640img150_2.jpg,0,203.12,126.45,126.16,208.0,126.0,127.0,28.92,49.17,45.89
90_640x640img152_3.jpg,1,228.98,171.61,171.85,239.0,174.0,174.0,33.41,32.54,30.9
90_640x640img155_3.jpg,1,225.14,159.47,160.08,234.0,165.0,166.0,32.34,40.65,39.86
90_640x640img15_4.jpg,1,213.72,190.53,180.29,223.0,199.0,189.0,32.29,40.4,44.28
90_640x640img162_4.jpg,1,190.41,133.48,134.2,197.0,145.0,146.0,42.95,36.97,36.81
90_640x640img165_3.jpg,1,230.83,186.78,196.95,240.0,191.0,203.0,28.15,23.26,25.37
90_640x640img166_3.jpg,1,181.51,140.37,134.81,194.0,141.0,136.0,35.39,37.32,36.39
90_640x640img172_4.jpg,1,207.23,162.79,162.13,216.0,171.0,169.0,38.13,39.39,38.03
90_640x640img173_4.jpg,1,215.3,174.79,174.11,228.0,179.0,179.0,41.35,55.7,55.15
90_640x640img175_3.jpg,1,189.4,127.18,125.12,199.0,131.0,128.0,33.25,35.48,34.46
90_640x640img177_3.jpg,1,213.09,155.93,160.2,227.0,162.0,168.0,44.5,55.81,54.73
90_640x640img178_2.jpg,0,171.33,107.25,108.56,182.0,95.0,96.0,44.2,44.3,47.0
90_640x640img179_3.jpg,1,208.55,162.64,159.99,214.0,166.0,164.0,36.09,33.61,36.38
90_640x640img182_2.jpg,0,135.18,65.51,66.03,134.0,62.0,63.0,24.7,18.82,19.53
90_640x640img184_2.jpg,0,215.8,129.95,120.64,224.0,127.0,117.0,30.01,46.27,49.44
90_640x640img186_2.jpg,0,172.25,125.86,124.79,202.0,128.0,125.0,66.8,60.38,61.89
90_640x640img187_4.jpg,1,216.4,170.78,163.49,221.0,178.0,171.0,30.42,37.3,41.71
90_640x640img189_3.jpg,1,238.35,181.39,185.33,245.0,185.0,190.0,23.1,38.9,39.87
90_640x640img196_2.jpg,0,172.27,131.39,129.8,182.0,136.0,133.0,28.86,35.24,40.79
90_640x640img197_3.jpg,1,199.93,134.25,127.07,213.0,138.0,132.0,39.42,37.41,38.66
90_640x640img19_3.jpg,1,195.34,167.1,164.91,201.0,174.0,172.0,29.96,42.28,45.7
90_640x640img202_3.jpg,1,177.79,116.87,123.8,179.0,112.0,119.0,32.57,35.8,37.47
90_640x640img203_3.jpg,1,195.36,132.72,127.49,205.0,136.0,130.0,39.93,41.15,44.28
90_640x640img205_3.jpg,1,199.78,151.27,147.36,206.0,148.0,146.0,33.48,55.42,58.77
90_640x640img210_2.jpg,0,155.12,101.85,107.62,159.0,97.0,100.0,31.17,35.39,39.17
90_640x640img211_3.jpg,1,191.34,134.24,142.66,199.0,132.0,141.0,48.57,52.3,52.23
90_640x640img216_3.jpg,1,182.33,134.82,132.87,218.0,146.0,148.0,72.61,64.87,67.08
90_640x640img217_3.jpg,1,166.59,119.35,117.64,167.0,114.0,112.0,29.23,39.13,44.89
90_640x640img218_3.jpg,1,219.36,163.81,156.35,227.0,172.0,166.0,29.03,33.07,38.34
90_640x640img21_4.jpg,1,176.31,150.7,150.94,193.0,155.0,156.0,40.36,43.62,45.4
90_640x640img220_3.jpg,1,225.71,164.06,153.59,239.0,170.0,159.0,40.33,41.47,41.43
90_640x640img221_2.jpg,0,189.95,147.33,171.62,193.0,146.0,173.0,29.73,38.56,39.24
90_640x640img222_1.jpg,0,135.81,80.95,99.68,133.0,79.0,99.0,48.1,46.32,50.5
90_640x640img223_2.jpg,0,171.15,131.79,161.12,179.0,132.0,163.0,27.94,36.58,36.44
90_640x640img224_2.jpg,0,206.11,139.71,164.06,212.0,140.0,167.0,30.33,31.83,31.82
90_640x640img226_1.jpg,0,150.08,100.94,120.74,148.0,99.0,122.0,42.31,46.25,48.48
90_640x640img227_4.jpg,1,198.38,171.78,194.24,202.0,184.0,209.0,37.1,47.75,46.23
90_640x640img228_2.jpg,0,193.42,140.9,169.03,196.0,145.0,176.0,31.83,43.34,40.0
90_640x640img229_2.jpg,0,135.13,87.47,109.5,138.0,87.0,113.0,52.71,53.17,58.53
90_640x640img22_3.jpg,1,180.02,139.49,135.59,199.0,144.0,139.0,52.09,50.29,51.15
90_640x640img230_2.jpg,0,212.48,155.04,157.67,219.0,149.0,152.0,30.38,46.73,47.79
90_640x640img234_1.jpg,0,139.66,83.36,96.76,142.0,82.0,96.0,26.6,28.24,27.39
90_640x640img235_1.jpg,0,197.24,158.74,185.82,204.0,165.0,193.0,35.04,50.32,46.82
90_640x640img236_1.jpg,0,150.31,113.16,140.65,151.0,108.0,138.0,36.79,44.97,47.52
90_640x640img238_3.jpg,1,194.0,142.31,154.82,200.0,145.0,161.0,46.67,69.55,67.9
90_640x640img239_3.jpg,1,127.8,95.59,119.39,128.0,92.0,119.0,45.73,45.21,48.2
90_640x640img23_2.jpg,0,156.18,92.41,86.64,182.0,93.0,85.0,64.04,44.37,41.96
90_640x640img241_1.jpg,0,228.64,195.15,197.44,238.0,203.0,204.0,28.72,41.61,40.18
90_640x640img242_2.jpg,0,130.54,90.07,112.67,125.0,81.0,107.0,50.4,52.43,57.35
90_640x640img243_1.jpg,0,172.13,114.59,129.99,179.0,112.0,128.0,33.88,38.25,38.81
90_640x640img244_3.jpg,1,166.98,133.23,153.05,167.0,130.0,154.0,44.08,48.09,48.89
90_640x640img245_2.jpg,0,164.4,111.66,114.02,164.0,108.0,110.0,44.35,34.05,36.52
90_640x640img246_2.jpg,0,180.07,155.02,171.35,201.0,173.0,193.0,59.73,58.16,60.35
90_640x640img247_4.jpg,1,132.19,98.78,113.64,122.0,79.0,97.0,55.63,60.6,64.27
90_640x640img248_2.jpg,0,192.85,148.05,166.51,195.0,147.0,169.0,39.91,51.59,49.7
90_640x640img24_3.jpg,1,217.73,172.04,178.38,226.0,182.0,188.0,30.64,47.79,50.0
90_640x640img250_2.jpg,0,183.93,128.41,149.93,191.0,130.0,153.0,31.43,42.44,42.62
90_640x640img252_3.jpg,1,181.6,132.21,132.75,190.0,131.0,132.0,34.17,46.41,47.42
90_640x640img253_2.jpg,0,195.47,146.41,173.91,203.0,154.0,182.0,37.37,57.92,54.9
90_640x640img254_2.jpg,0,150.06,99.06,124.44,148.0,89.0,118.0,49.54,55.69,57.84
90_640x640img255_1.jpg,0,158.72,105.67,133.7,158.0,99.0,129.0,42.55,41.05,43.38
90_640x640img256_2.jpg,0,208.84,169.45,195.82,214.0,172.0,200.0,25.73,38.5,36.37
90_640x640img257_3.jpg,1,169.85,123.82,142.42,178.0,125.0,144.0,30.75,38.2,38.6
90_640x640img258_3.jpg,1,94.82,64.03,86.52,94.0,65.0,89.0,28.8,22.73,26.71
90_640x640img259_2.jpg,0,185.59,148.46,177.05,193.0,151.0,186.0,41.18,45.16,44.66
90_640x640img25_1.jpg,0,140.19,68.04,77.46,145.0,60.0,69.0,43.36,37.14,38.07
90_640x640img260_3.jpg,1,176.11,130.13,153.29,186.0,128.0,154.0,34.84,44.12,44.6
90_640x640img261_3.jpg,1,180.15,122.08,151.45,187.0,120.0,152.0,27.62,30.14,30.36
90_640x640img262_3.jpg,1,197.01,144.88,169.15,205.0,145.0,170.0,27.13,44.3,42.76
90_640x640img263_1.jpg,0,181.51,117.58,145.24,192.0,120.0,151.0,39.1,55.51,56.05
90_640x640img264_2.jpg,0,212.5,172.59,197.4,218.0,180.0,203.0,22.79,42.09,37.41
90_640x640img265_2.jpg,0,152.59,124.68,145.58,155.0,122.0,143.0,24.01,37.91,37.66
90_640x640img266_3.jpg,1,191.15,154.68,159.66,198.0,154.0,160.0,34.93,35.67,39.29
90_640x640img267_2.jpg,0,134.54,90.14,113.7,130.0,75.0,104.0,60.71,67.85,69.53
90_640x640img268_3.jpg,1,143.72,116.41,144.54,148.0,127.0,160.0,54.43,52.8,57.15
90_640x640img269_3.jpg,1,121.07,86.47,86.99,127.0,89.0,89.0,33.54,18.52,16.21
90_640x640img26_1.jpg,0,149.45,74.52,83.77,152.0,68.0,77.0,37.07,34.0,34.79
90_640x640img270_2.jpg,0,203.33,126.98,123.55,211.0,127.0,121.0,37.53,33.64,33.44
90_640x640img271_2.jpg,0,114.66,73.42,74.2,112.0,72.0,73.0,25.04,21.15,21.27
90_640x640img272_1.jpg,0,133.93,87.01,112.94,137.0,84.0,113.0,46.89,47.32,51.92
90_640x640img273_2.jpg,0,164.65,112.12,142.95,172.0,109.0,142.0,34.24,41.35,41.23
90_640x640img274_3.jpg,1,182.66,116.67,140.33,187.0,118.0,141.0,25.22,30.51,30.99
90_640x640img277_1.jpg,0,152.01,118.09,136.73,174.0,119.0,138.0,55.31,41.99,44.71
90_640x640img278_1.jpg,0,154.64,102.73,126.81,152.0,100.0,124.0,33.01,38.91,40.64
90_640x640img279_2.jpg,0,179.06,107.51,107.7,180.0,109.0,109.0,37.57,28.6,29.86
90_640x640img27_2.jpg,0,141.1,67.2,75.95,146.0,60.0,69.0,37.89,31.39,32.05
90_640x640img280_3.jpg,1,116.09,75.32,73.76,113.0,67.0,66.0,45.92,37.75,35.71
90_640x640img281_2.jpg,0,137.11,82.8,95.84,135.0,77.0,90.0,38.35,37.63,41.11
90_640x640img282_4.jpg,1,200.79,192.69,208.14,212.0,202.0,222.0,42.44,44.27,47.52
90_640x640img283_2.jpg,0,186.46,123.65,146.15,197.0,127.0,153.0,42.83,46.37,49.07
90_640x640img284_3.jpg,1,166.21,131.0,141.36,164.0,118.0,130.0,41.66,55.14,55.8
90_640x640img285_3.jpg,1,128.52,94.67,118.3,128.0,96.0,123.0,42.46,36.2,40.62
90_640x640img286_3.jpg,1,159.2,129.61,149.56,167.0,134.0,155.0,32.19,27.12,34.52
90_640x640img287_3.jpg,1,198.0,130.52,141.03,200.0,134.0,145.0,30.31,31.31,30.79
90_640x640img288_2.jpg,0,204.8,152.33,170.68,214.0,155.0,176.0,34.19,41.41,40.57
90_640x640img28_3.jpg,1,215.57,146.16,150.98,222.0,147.0,150.0,32.96,36.06,38.35
90_640x640img291_3.jpg,1,128.92,80.81,71.18,142.0,87.0,75.0,52.06,37.06,33.65
90_640x640img292_3.jpg,1,200.04,177.36,177.68,205.0,171.0,171.0,35.9,48.14,50.94
90_640x640img293_3.jpg,1,67.2,38.08,45.37,65.0,34.0,41.0,19.79,17.37,17.75
90_640x640img294_2.jpg,0,151.38,85.69,93.63,151.0,81.0,88.0,34.47,36.9,37.58
90_640x640img295_3.jpg,1,202.26,152.04,166.05,211.0,160.0,175.0,35.36,46.31,47.1
90_640x640img296_3.jpg,1,202.15,159.08,179.38,208.0,163.0,185.0,35.76,40.31,41.27
90_640x640img297_3.jpg,1,189.0,139.91,130.87,198.0,138.0,128.0,37.02,36.09,38.28
90_640x640img29_3.jpg,1,204.04,136.76,144.26,212.0,140.0,146.0,42.65,33.85,36.18
90_640x640img2_4.jpg,1,215.91,197.2,194.66,231.0,205.0,202.0,44.35,44.42,43.75
90_640x640img30_4.jpg,1,205.32,161.83,169.44,219.0,170.0,179.0,45.14,44.76,46.37
90_640x640img31_3.jpg,1,214.73,165.2,173.65,222.0,161.0,169.0,32.94,40.92,42.01
90_640x640img32_3.jpg,1,213.11,141.85,147.26,218.0,138.0,143.0,31.4,35.19,36.05
90_640x640img33_4.jpg,1,190.78,161.74,166.81,202.0,167.0,173.0,46.92,46.77,49.71
90_640x640img34_3.jpg,1,211.81,149.81,152.76,222.0,153.0,156.0,35.54,38.85,40.27
90_640x640img35_3.jpg,1,228.41,181.24,186.93,244.0,192.0,198.0,44.71,46.04,47.79
90_640x640img36_3.jpg,1,189.68,116.6,115.47,196.0,112.0,110.0,32.52,37.33,38.37
90_640x640img37_4.jpg,1,206.37,156.97,156.14,231.0,166.0,167.0,63.98,60.47,60.65
90_640x640img40_1.jpg,0,161.31,84.69,88.49,165.0,78.0,82.0,34.46,41.29,43.42
90_640x640img41_1.jpg,0,151.87,85.55,92.4,152.0,74.0,80.0,35.77,39.79,43.11
90_640x640img42_2.jpg,0,202.57,144.18,157.1,206.0,139.0,152.0,35.23,30.86,34.82
90_640x640img43_2.jpg,0,152.52,94.27,99.14,184.0,93.0,96.0,75.38,56.04,56.98
90_640x640img44_3.jpg,1,197.2,144.47,147.83,227.0,157.0,161.0,69.61,63.86,65.76
90_640x640img45_3.jpg,1,177.75,120.31,127.81,186.0,119.0,128.0,47.42,50.51,53.12
90_640x640img46_4.jpg,1,195.79,158.64,173.84,214.0,165.0,179.0,53.48,57.23,61.74
90_640x640img47_3.jpg,1,223.68,171.73,166.23,231.0,175.0,169.0,32.17,41.51,43.23
90_640x640img48_4.jpg,1,210.52,173.92,178.31,222.0,181.0,185.0,45.48,45.21,47.07
90_640x640img49_3.jpg,1,194.66,136.97,142.39,203.0,135.0,141.0,37.25,48.89,50.37
90_640x640img50_4.jpg,1,204.8,178.7,189.82,206.0,177.0,189.0,29.95,39.16,39.83
90_640x640img51_3.jpg,1,207.2,126.84,136.33,219.0,129.0,140.0,42.04,54.57,56.41
90_640x640img52_3.jpg,1,194.19,142.31,146.0,215.0,151.0,156.0,54.82,56.43,58.78
90_640x640img54_2.jpg,0,172.83,100.03,104.85,175.0,95.0,99.0,31.03,38.08,39.26
90_640x640img55_2.jpg,0,214.82,135.49,138.76,223.0,140.0,142.0,34.43,46.57,47.29
90_640x640img56_2.jpg,0,218.51,163.31,164.09,243.0,175.0,177.0,55.72,58.85,58.97
90_640x640img57_1.jpg,0,179.48,111.41,123.73,183.0,110.0,122.0,33.97,42.61,44.44
90_640x640img58_2.jpg,0,213.72,141.41,141.88,220.0,143.0,143.0,29.99,46.25,48.29
90_640x640img59_2.jpg,0,173.2,104.0,104.97,197.0,103.0,104.0,64.3,49.46,51.2
90_640x640img5_4.jpg,1,216.17,168.67,165.53,226.0,172.0,168.0,32.01,37.9,40.54
90_640x640img60_2.jpg,0,207.51,156.35,157.94,227.0,162.0,165.0,45.67,57.36,58.73
90_640x640img61_3.jpg,1,224.05,173.71,172.03,233.0,180.0,178.0,32.59,43.29,44.5
90_640x640img62_4.jpg,1,213.85,194.2,198.2,222.0,199.0,203.0,33.87,36.64,37.99
90_640x640img63_2.jpg,0,169.43,93.52,99.34,177.0,91.0,98.0,30.22,26.22,23.63
90_640x640img65_2.jpg,0,231.25,184.47,190.56,244.0,190.0,196.0,35.72,44.56,44.4
90_640x640img66_2.jpg,0,221.15,170.83,171.39,231.0,176.0,177.0,33.32,44.53,45.01
90_640x640img67_1.jpg,0,161.81,101.05,120.49,166.0,95.0,115.0,35.52,49.5,51.76
90_640x640img68_3.jpg,1,164.66,108.72,120.8,169.0,101.0,114.0,32.99,41.88,45.79
90_640x640img69_3.jpg,1,202.18,147.5,141.02,208.0,147.0,141.0,32.98,40.16,41.12
90_640x640img6_3.jpg,1,193.92,151.06,151.48,204.0,156.0,156.0,44.88,47.47,48.45
90_640x640img70_4.jpg,1,231.66,193.86,192.76,240.0,196.0,197.0,29.64,34.28,34.28
90_640x640img73_3.jpg,1,188.62,129.13,130.79,221.0,139.0,141.0,69.86,56.25,54.65
90_640x640img74_4.jpg,1,194.58,152.34,151.15,241.0,179.0,177.0,83.38,70.71,68.59
90_640x640img75_4.jpg,1,206.86,171.31,164.65,218.0,179.0,171.0,36.83,49.26,50.3
90_640x640img76_4.jpg,1,219.52,194.53,188.6,237.0,209.0,202.0,40.38,47.22,47.17
90_640x640img77_3.jpg,1,224.13,179.73,181.25,237.0,183.0,187.0,37.38,51.28,50.84
90_640x640img78_4.jpg,1,207.14,163.19,167.24,220.0,169.0,176.0,48.67,53.76,54.82
90_640x640img79_4.jpg,1,191.0,148.14,148.4,202.0,157.0,159.0,46.65,47.85,49.48
90_640x640img7_1.jpg,0,197.89,129.39,133.58,200.0,121.0,124.0,31.32,47.77,49.38
90_640x640img80_4.jpg,1,192.88,144.47,140.59,217.0,155.0,154.0,65.1,60.54,61.76
90_640x640img81_4.jpg,1,206.36,150.25,156.81,219.0,154.0,162.0,43.31,50.43,51.01
90_640x640img82_4.jpg,1,219.4,171.0,166.8,242.0,181.0,176.0,55.96,58.13,58.2
90_640x640img83_4.jpg,1,148.86,113.27,116.18,170.0,114.0,115.0,77.0,66.13,66.38
90_640x640img84_4.jpg,1,207.88,165.9,162.65,220.0,171.0,168.0,45.94,45.95,47.05
90_640x640img86_3.jpg,1,201.79,127.3,130.88,213.0,123.0,127.0,40.26,30.88,31.49
90_640x640img89_5.jpg,1,219.57,204.5,202.98,234.0,213.0,211.0,38.18,36.76,36.93
90_640x640img8_5.jpg,1,189.48,174.4,171.22,198.0,184.0,183.0,30.65,36.03,39.77
90_640x640img90_4.jpg,1,185.2,152.5,153.04,206.0,165.0,166.0,57.55,53.01,52.73
90_640x640img91_5.jpg,1,188.31,165.27,166.59,214.0,183.0,184.0,66.26,62.81,62.31
90_640x640img92_5.jpg,1,196.88,166.47,166.92,209.0,180.0,180.0,45.37,49.35,51.74
90_640x640img93_5.jpg,1,171.16,164.25,170.27,209.0,194.0,194.0,69.43,66.85,62.71
90_640x640img94_2.jpg,0,202.39,145.17,156.09,212.0,153.0,165.0,41.78,43.38,43.29
90_640x640img96_4.jpg,1,178.64,133.24,126.58,199.0,146.0,138.0,63.62,51.04,50.39
90_640x640img97_4.jpg,1,199.72,158.38,153.19,221.0,175.0,170.0,65.62,56.35,56.22
90_640x640img99_3.jpg,1,175.74,126.61,141.98,180.0,124.0,141.0,30.13,33.58,36.05
90_640x640img9_2.jpg,0,182.91,123.57,132.88,202.0,123.0,132.0,53.05,50.24,51.99
